row,actual,predicted,prob_0,prob_1,prob_2,prob_3,prob_4,prob_5,prob_6,prob_7,prob_8,prob_9
1296,9,9,7.390794853910865e-06,8.096913940012098e-08,1.963678909699717e-07,2.436224115673899e-06,3.947412815115421e-07,2.506752988241344e-06,2.8961983297829618e-08,6.655879870388703e-07,3.26193299064122e-05,0.9999536802698537
1743,8,8,1.4722362385311118e-05,6.565230455269139e-05,3.4937428521932854e-06,0.001352339792011598,3.2960464867318335e-05,0.00012619017781177231,0.00014391845193912126,7.907910665309076e-05,0.9901899618524158,0.007991681744511068
805,9,9,0.0004170399661225778,3.410850667247067e-05,0.00012225128358547575,0.00010422999238467272,5.048974980979914e-06,5.234303529348113e-07,2.2804559498554878e-05,2.0986239121725193e-05,0.0009026478446712555,0.9983703592026094
1642,0,0,0.9991711239544223,1.4816223653321098e-05,1.5482263919666382e-06,4.9638377718387637e-08,0.00017426269154085023,7.866316448983896e-05,0.0005018722127282297,1.0293706541310441e-05,1.739389563052938e-05,2.9976286224116334e-05
1337,2,2,8.497985014719576e-06,2.1400862235460704e-06,0.9955850969763264,0.0036543208394047956,1.394770362119404e-07,4.872486517246115e-06,4.196089199757865e-08,2.26961278040531e-05,3.6954999471155573e-06,0.0007184985608338981
1509,7,7,5.04188511619977e-05,8.362722279545408e-06,2.2641487183715627e-05,0.0004870848673967386,0.0021996608282845937,0.0006905336706005221,4.0620702002836483e-07,0.9957777540907474,4.2261837670494785e-05,0.0007208754376548333
977,2,2,1.1284015721370744e-08,2.239819284262137e-06,0.999922677306604,7.459926908490042e-05,5.934189743407172e-10,3.8412105172338485e-08,2.717079504690666e-09,2.7692918761259773e-07,3.728254740503862e-08,1.1638667232028622e-07
1256,1,8,0.012908108439545192,0.2566941022322234,0.0031888471474056527,2.964016133456968e-06,0.006190747351482831,0.02904847873432463,0.1783135680458076,0.012274611533545868,0.49956872223962406,0.0018098502599072702
1090,3,3,6.295409007916499e-08,3.7949778289128035e-09,3.686182955006979e-05,0.9978630329377806,4.943971234510387e-11,5.5103199831905584e-06,1.089782038441283e-09,1.1391681548251983e-06,1.053581954165318e-05,0.0020828520367003017
399,3,3,0.0002986209750371915,1.7521872923737163e-05,0.0394822521545104,0.9366168772557176,2.84366610686e-07,0.011133424735889656,0.00018743155677605603,6.335330934882081e-05,0.0012225618822221012,0.010977671890963664
1695,8,8,2.0492623436927764e-05,0.010938878580578217,9.471023411458129e-06,0.002859904562378084,3.946208512967146e-06,0.004048339472747331,0.0007877342699520415,4.784393360314223e-06,0.9792903760079491,0.002036072857673394
1078,0,0,0.7252462682911924,1.0957908999758231e-06,0.23347086984601112,0.01016696831422649,0.00027081719328613847,0.00037759206519781,0.02950997341934719,0.0005141072541109996,7.519853922929096e-05,0.00036710928649866416
1074,3,3,2.9783695831350298e-06,7.922651100539813e-08,0.0002437447595402806,0.9945110573535936,1.2925103658236547e-08,4.5735141919988844e-05,6.424263154105481e-09,3.195406481656582e-05,0.00010714038609383343,0.005057291348574926
1587,7,7,7.785353767033682e-07,6.493187194047891e-07,3.427727700200505e-05,7.367584182328907e-07,2.777721288625032e-05,4.20051658458009e-06,9.935443188638429e-08,0.9996106039075051,8.008319729563244e-05,0.00024079392178008872
1641,4,4,4.9144380138646644e-05,9.424292145829347e-05,9.179873436933646e-10,3.007526838982592e-12,0.999679903682782,9.349279920968907e-07,0.00016429364308665487,1.0151710181117032e-05,1.2323779051949328e-06,9.543546099848266e-08
921,6,6,0.0016598121737845873,2.6915819524470504e-07,1.0733658847008153e-05,1.4216887518027008e-07,0.00979103862022409,2.657838256626136e-05,0.9864028791073693,1.472207112501409e-07,0.0021083991595029325,3.499239220557001e-10
1618,2,2,3.5310582125057934e-05,0.00221915308803703,0.8860120651359871,0.1114167498433947,6.188356167522073e-07,7.699152448369075e-07,7.690299630004908e-07,0.0001778985893847516,2.854844620738797e-06,0.00013381013562606175
1707,8,8,7.69260491711076e-06,3.423676673526181e-05,0.00021994229244859205,7.703586656601337e-07,0.007753722715285654,0.0009465356675791837,0.0001372427893967613,1.1532570904021537e-05,0.9903970811124692,0.0004912431215985529
705,3,3,1.7325491238577598e-05,1.2646260790265426e-06,0.0005397925312831534,0.9890730512469392,1.4135943393897538e-08,0.00027877317032489797,7.491662675948834e-08,0.000264409910774345,1.3743734801783691e-06,0.009823919597310415
412,6,6,0.00033728318155516496,0.0001351087552389163,1.3185317772185994e-06,5.9731408716059045e-05,4.2856277107545336e-05,0.0001797086655027337,0.9988760832457145,7.789967817404245e-07,0.00036666314297767184,4.6779462836160127e-07
1677,0,0,0.999478166831199,6.666269218177376e-07,0.0001224827960983303,7.943320312348348e-07,7.363989944373094e-06,0.00015578174993585063,0.00019186897256408516,8.605828515983184e-06,6.416359183375801e-06,2.7852513605719207e-05
86,7,7,0.0012893394272068804,5.740365245279963e-07,1.326519720230083e-05,0.00971981295204715,0.005027641670485414,2.5879389953442472e-05,6.600586005621327e-06,0.9815431538853174,0.0023677136015800605,6.019253677209659e-06
185,0,0,0.9988193453463716,2.264394270717665e-06,2.6804344775625692e-05,2.8883515114401233e-08,0.00026094933032362664,2.1538710352172774e-06,0.0008263930608746888,2.9018110823157633e-05,3.206017484430495e-05,9.824831655002383e-07
468,6,6,0.00015106431134292124,1.707884812382013e-05,5.1924497600541005e-05,4.170411581144402e-06,4.475307604404404e-05,2.564334058639578e-05,0.9953064806303981,2.0099388862902675e-07,0.004398682621171768,1.2692624231351095e-09
713,6,6,0.00046147928023416697,1.3208478577441702e-07,1.4416108063251138e-06,2.1120156626244922e-07,0.016914453059369387,0.0007425206311739463,0.9129849149439768,3.6014074994158306e-07,0.06889448502425143,2.023085818194848e-09
937,5,5,0.000265894788978616,1.1838764387879015e-06,4.326621309913978e-06,0.004707885717091409,1.5907360887637302e-07,0.9483275495700046,0.00023770960806618718,8.205435669543362e-07,0.00015105296563799252,0.04630341723529693
1553,8,1,0.005140313832925867,0.9293276547766752,7.684431975035838e-05,1.484920002618498e-05,0.023556251336297657,0.00014943689653715075,0.001051333305727174,0.00027627333265934625,0.021941247642897566,0.018465795356503483
614,3,3,9.398732303080664e-07,1.4270809405940854e-05,0.0013571518335461232,0.9975433045873098,7.065857288278139e-09,3.36171377027652e-06,1.1911937931925716e-06,3.513083241463316e-06,0.0004900001302259025,0.0005862597096197428
170,8,8,3.804578566608336e-05,0.4121271130318246,0.00880155618861368,7.256150989368024e-05,0.01335182036883866,2.7189487564390588e-05,0.01287829974423056,0.0012004867542663054,0.551069616926868,0.0004333102022341417
1517,5,5,1.4063555222676841e-05,1.5979606356316725e-06,2.0613087630212446e-06,0.0001520509472635961,4.932521936384583e-07,0.9944217208004325,6.864810432514017e-06,4.957268832379235e-07,2.96017034404026e-05,0.00537104993473274
1516,0,0,0.9972917997455678,4.4226989050489053e-07,0.00045606940585263804,6.135551072069248e-06,0.00010807174488412913,6.20556830944503e-05,0.0014987674136750422,0.000303318694814113,7.6069921433335e-05,0.00019726956971587457
1354,6,6,3.427187460329177e-05,1.849709690449742e-05,3.1202960842886275e-06,4.645932081995435e-05,4.308825237995523e-06,4.89712274401064e-05,0.9980895053124518,2.5152338128306587e-07,0.0017537762790760802,8.382440006063458e-07
567,2,2,9.520012854319114e-07,0.024183646546775347,0.9756060738128213,0.0001725596250922032,1.926801022580751e-06,7.956785851177954e-06,1.917528522484727e-06,8.904062903831607e-07,1.547041533948814e-06,2.2529450805371603e-05
863,4,4,0.005080216420514474,7.218854666426006e-05,4.521712404815818e-07,7.207515351656914e-10,0.9881762549333473,2.1688302095346908e-08,0.006628526915162288,3.5140666851351996e-05,7.197759134517868e-06,1.780317292125399e-10
598,6,6,0.01616696143736387,7.496675705478484e-06,4.1803442416776946e-05,0.0005494654615369616,0.00024847220346473986,0.03626401349186759,0.8504030842192658,1.612331326192499e-05,0.09630126080019417,1.3189549226074907e-06
1620,0,0,0.9997127246297303,3.1312927903867467e-09,1.9864399750916456e-06,1.1336460665192121e-07,8.028908564183302e-06,1.9989342275183688e-05,0.00023022248935486336,1.4971009603465586e-06,2.41145207874596e-05,1.3200724531606042e-06
28,8,8,0.0005213219053590964,0.0014408861941691414,0.00028866660637707906,0.00044874081897043855,0.0001477226209005648,0.00029988588953363664,0.0009362767574234048,0.0014008788516858385,0.9926177974520884,0.0018978229034923573
709,3,3,4.020646667589465e-08,3.738280359480952e-08,8.55117491384484e-06,0.9996523041989274,6.595543019736346e-10,1.308974812203742e-05,5.0661225169308956e-09,6.1167061308895525e-06,2.030228795133795e-06,0.0003178246281635865
1562,9,9,0.0004257297558726768,0.007133185509665358,8.534027324120165e-06,0.0010286182774568954,1.0037929439770213e-05,4.819594625596254e-05,2.163880649067456e-09,0.12468212223366905,2.0606240700128617e-05,0.8666429679157355
562,5,5,0.000131432605939178,2.100175029030509e-07,1.1624949972017895e-07,0.00013614912916783082,4.808857590253268e-07,0.9960068184088755,1.2088206046924562e-06,9.117800843491018e-07,1.1557026497244413e-05,0.0037111150760694984
916,1,1,7.302657581121082e-07,0.7970545015597819,0.1913354965940487,5.062820206780106e-06,0.0004265464610831436,0.002662884972436691,0.0031857593922531803,3.3768231106684735e-09,0.004946811657965485,0.000382202899642975
297,4,4,0.0002604166523210719,6.543960259823853e-06,7.700095970116574e-09,3.079491057818317e-11,0.9993273088892874,1.2529625562676186e-06,0.0003898369325325477,1.4088169424246454e-05,5.444632488740319e-07,2.3947877137973146e-10
1626,1,1,3.151034405538431e-06,0.9319824080017093,0.0063571637383738515,0.00739763477503389,0.044421963899509205,2.400150209551282e-05,0.0006069058104288847,0.005803648297842166,0.0032817251187492284,0.00012139782185253763
1125,3,3,4.28877379610582e-06,9.816895038474821e-08,0.0002852108037001709,0.777124597049179,5.449190596352037e-08,7.246297375001615e-05,8.3999640864457e-08,0.00019555629056610782,0.0005368810110231684,0.2217807664374882
685,9,9,0.0003031928752844224,0.009925627965035492,1.7319072298156012e-08,5.505013236199776e-05,0.04711353225616496,0.04980563519753367,0.0007371812620220007,0.007852234817899404,0.008691841454110226,0.8755156867205156
583,6,6,0.04755014167841606,6.749074555744108e-07,6.431120761576569e-05,0.0031919119488624296,0.00035078024080954995,0.0699191665456544,0.8696457741932762,7.095429183533878e-05,0.009204861107174313,1.4238789004180423e-06
16,6,6,1.675411957227081e-05,0.017311966521622073,0.0010919372620842313,0.001102254688113585,0.0017978843740172937,5.457493215463824e-07,0.9759760377984493,3.1024787460655e-05,0.0026714810291409217,1.1367021815869448e-07
1390,3,3,2.5741878212008404e-09,3.213377853955559e-10,1.2266747504894248e-05,0.9991282393069717,1.4590545493132145e-11,1.0507640534087595e-07,1.5653699495483122e-09,4.5629218800637775e-07,5.118357149516775e-05,0.0008077445299488071
137,7,7,8.318469668365676e-07,4.0565502486836574e-06,9.911886887518317e-05,5.829995489802211e-06,0.00015334448923368888,3.266549871104139e-08,2.6985676808242432e-08,0.9997364609362908,1.488034976773229e-07,1.4885822199653363e-07
1752,1,1,3.4254874583796496e-06,0.9665934143008019,0.00026956850281603835,0.0004962710885705215,0.0036227539325541297,1.1264813604247915e-05,1.6828996572899394e-05,0.0015768154946438659,0.027094484419157676,0.0003151729638204083
340,2,2,2.631347206518784e-06,9.32313215783142e-06,0.9877257099535321,0.011789044846488603,2.2781918251697946e-10,5.933112943737455e-06,9.482157647436189e-07,3.179938442618755e-06,0.0003693628914139991,9.386633423065026e-05
772,0,0,0.9990158407443374,3.103690232930227e-07,0.0006107685297771078,2.7151489370928577e-06,4.69279726842067e-05,1.7634901239609153e-05,7.58931655426442e-05,0.00019490392863067305,3.311980421510658e-05,1.8854356129386114e-06
536,0,0,0.9984567718992863,2.2759585914700266e-07,6.348363891368906e-05,2.731068057195874e-05,9.281705747158693e-06,2.1784087576012296e-05,2.336432149237093e-06,0.0009295807801934376,0.00015419877039950944,0.00033502440930357244
201,5,5,1.7368905192396231e-06,1.686841310804516e-07,5.2274620957913074e-05,0.00010686082070677837,2.1854756622842149e-07,0.9997604049212928,7.709151217863773e-08,4.846877233633931e-06,7.264122284929246e-05,7.703232308539394e-07
1747,1,1,0.0002395810865281764,0.7671136678993965,0.00013684798977851178,1.5035874899998713e-06,0.057954428276501734,0.0005203735429817835,0.004227249739917569,0.0022667245117749734,0.16699544278914336,0.0005441805764873801
1522,1,1,0.0007455654342531553,0.7718688817794368,0.003929061847708058,0.09691484231481247,0.00019754426115623468,0.00014932242156149095,6.114291155854748e-06,0.01363912210842582,0.03608863576875019,0.07646090977273999
919,4,4,5.438813369545127e-06,1.29037496230845e-07,4.3729026936708204e-10,1.3998761759511217e-12,0.9999892647551307,2.3128016013829342e-12,1.1099458364124383e-06,4.0470717903193375e-06,9.933764730705099e-09,1.6093642947382619e-12
1210,8,8,0.0038186958540709615,0.0006695462792985951,0.06737845616113194,0.009416187812931687,0.0032926893281738875,0.24003247983547354,9.482342827049509e-05,0.12680492852220807,0.5162471859791281,0.03224500679931272
1051,2,2,6.098682731168964e-09,2.646449982963357e-06,0.9999713742765258,2.5637911779855338e-05,8.709886836797051e-10,8.085794057907303e-08,1.4662418727372903e-09,2.5264630613104572e-08,4.564742805442944e-09,2.2223848398731295e-07
1489,5,5,4.580125504259531e-05,1.3548099207121297e-08,5.032966933648295e-07,0.0016496207743874683,2.8472952468697877e-07,0.9972797504911292,6.857449492766145e-05,9.83982820773988e-07,0.0009151537634474268,3.9313663927624e-05
1373,7,7,1.2080628732145693e-07,1.2241851066828124e-06,0.0003661805685569267,8.549053506760146e-05,0.00017448530478995136,1.818307349036631e-05,1.2662225436288754e-06,0.9993527538760272,8.272503352624395e-08,2.1270309658270972e-07
555,9,9,0.002236464700943227,0.0010353498956032108,0.0053740982735610765,0.16893025934395547,2.5998488539242715e-05,0.010018916847814793,0.0021388142616333727,0.004745802099634427,0.05673769033535645,0.7487566057529588
1209,7,7,2.5573470900734763e-06,9.977300001656307e-05,0.0007290438762323358,2.5458139622209894e-05,0.0006136615998778152,3.5639501908504296e-05,2.685340176279568e-07,0.9979276880655193,0.00038672043421360253,0.00017918950150200833
1774,1,1,1.7268144267225127e-05,0.9041131688355307,0.00012947078454269534,3.2972634130528793e-06,0.000531849100473225,1.3272796125208275e-05,0.001274611156157036,0.0007356930965594176,0.09317700850366979,4.36031926167365e-06
632,2,2,2.4443076942735645e-07,0.22636317104859985,0.7734708462083223,0.00011723057934083748,4.1276983388975e-06,3.2718643042776587e-06,2.0303723607344393e-07,4.866999103296462e-07,1.1521577534112026e-06,3.926627542489881e-05
62,3,3,7.639036888455979e-07,7.698426939747568e-06,0.0009946062859636218,0.9988724185540804,2.3811437348863945e-10,1.3378092624936062e-06,2.5562716405373028e-09,6.134452586895963e-06,6.067296943453671e-07,0.00011643104339750572
1480,6,6,0.00022645226097915735,3.716266713863877e-07,6.948222942972711e-07,6.487390799890683e-07,0.0004394461322435142,5.069742041617562e-05,0.998084542963682,3.2009983194423706e-07,0.0011968014577458583,2.4477055682836662e-08
381,9,9,0.0033769458475740037,9.761956264981315e-05,1.2172027147666042e-07,0.0001370361750234362,0.00965588358004945,0.02897538360053582,5.5794051028918383e-05,0.014794410998021288,0.0043496893292674305,0.9385571151355784
1566,3,3,4.068347353546416e-08,5.466071852342624e-06,6.932109970128112e-05,0.996221470858859,2.989697980410469e-09,1.2269770044859468e-05,2.1473700742609226e-09,4.110933835026611e-07,0.0012234349034457208,0.002467580382171627
834,6,6,4.097780942730621e-05,3.111422659634385e-05,1.1447764895674274e-05,5.446558353916672e-06,4.5437009551028885e-05,1.0966609303291637e-05,0.9957800193734224,2.8706149249263145e-08,0.004074556187588033,5.754712793921514e-09
1573,0,0,0.5754972790632967,0.022069870192141298,2.9533937991867463e-05,9.712819697349206e-07,0.31058856969835574,0.0026533429990090954,0.03960834702388115,0.00797812857751231,0.04075826365545407,0.0008156935703879509
724,0,0,0.9997934509666924,9.32498251929499e-08,4.654997798631663e-05,1.2695101142751325e-06,5.59173094161007e-06,1.0962935590419976e-05,1.1698188568462046e-05,0.00012107192100714274,8.99112377863799e-06,3.203954954541633e-07
1794,8,8,9.643221615693491e-06,0.000839709917602693,0.00010252731684814707,7.517679169071767e-06,0.0006071119005019947,1.8569537339384102e-06,0.0061153968296244424,6.282561574295276e-06,0.9922855139057684,2.4439713561249155e-05
1370,3,3,1.2342449848275556e-07,6.131158402909681e-08,6.009343469289824e-05,0.998897042342352,2.801352663153009e-10,1.651244089193041e-05,2.6493961670214656e-07,1.3643235751447243e-06,0.0003936028084318475,0.0006309346942217373
1101,5,5,3.762697830924125e-06,2.841304933670929e-07,6.25417529848001e-07,8.311848627306045e-05,1.891272174200734e-05,0.9996717979972106,2.6426769798519023e-06,0.00021375161284310494,1.9375271539546424e-06,3.166731943301307e-06
1239,6,6,0.0004358864517912,2.537174698198201e-06,5.394986379346869e-06,0.000306809284554223,0.0001959779731855118,0.0015245788060051586,0.9971168218769717,8.158097260219222e-06,0.0003925710057829837,1.1264343371438536e-05
51,2,2,6.565927599580214e-05,0.007035687098857803,0.9887362304299553,6.854532392245288e-06,0.0002291601650338321,1.906358542107396e-09,0.00016495894240910574,0.002220826298924623,0.0015405436876946312,7.766237823458112e-08
1137,4,4,0.0002757953957055102,5.028329137239988e-08,7.638368164426666e-10,7.343165530607943e-10,0.9993651427115443,7.752119071382104e-07,0.0003384947789785606,1.853283075754187e-05,1.2068372947932684e-06,4.523674554197758e-10
1688,1,1,0.0002251674738159218,0.7621797461200722,0.01202236989345673,2.988689215924259e-05,0.006883353416938455,0.003045153940683799,0.09771372509868384,2.850765239362487e-05,0.11781501531012865,5.707420166741778e-05
608,9,9,0.008473117759678296,1.6272940929640953e-06,0.0001999231442219331,0.02017814937905003,1.2397653536984807e-05,0.006287820835539229,0.00039800497982316486,0.004598231094020791,0.08322386006105043,0.8766268677989862
1100,9,9,1.7464849700765113e-05,6.129364168873134e-06,4.960444416547027e-06,9.756304936041472e-05,4.7239217511194094e-05,0.0034337945928924877,3.994330594160074e-07,1.4843542314510634e-05,0.07589889305658284,0.9204787124499929
873,4,4,2.049040391290986e-07,5.224449463994978e-09,4.402974624709893e-08,2.413514068042538e-11,0.9999588270957217,1.2835773273509268e-08,4.073917804806275e-05,1.6148504787690906e-08,1.5055758384606096e-07,1.998360807364165e-12
221,1,1,6.123026665142064e-08,0.9967991669801379,8.741443088656801e-07,0.00011133646201864175,3.1461351242276776e-05,2.016434488649196e-07,1.8898914353332826e-05,5.227055771303827e-06,0.0029679286891997098,6.484352925252053e-05
790,4,4,0.00011205381384908339,0.00021647848339471953,2.6099411633937076e-08,1.07334350089075e-07,0.9807369685767764,8.990742732773241e-05,0.01875334860477884,7.285797734071449e-05,1.825132083204148e-05,3.6193878807570154e-10
1531,2,2,3.990549473915034e-07,3.3094050687008497e-05,0.9984359257927168,0.0013888806972942257,2.3063598649563427e-07,8.492226336118981e-05,2.0207340256468368e-06,2.4625060640552724e-06,5.197717784280477e-05,8.708707415049021e-08
564,0,0,0.9911412231199239,3.3009729980000715e-06,7.329844704038425e-05,1.3679067016375734e-05,4.3934762859694905e-05,3.511095546768583e-05,0.0005928387095907047,8.327450131364298e-05,0.004143111045188692,0.0038702284186007247
99,1,1,2.4927817459653108e-06,0.9977914461547417,2.123190993145978e-05,5.302691825897257e-07,0.001393803543036148,1.978548318434238e-06,0.0005898369550680249,1.5490656072508535e-05,0.00018296985696900675,2.1932493379968823e-07
1155,9,9,5.125362848365233e-06,5.667898513824018e-05,6.134878083214865e-06,0.00012033760478633875,6.496066882254818e-06,0.0009233411563976093,1.571720901564528e-06,2.5641393971808614e-05,0.0569212362942296,0.9419334365367611
933,8,8,1.0686057466766743e-05,5.740938352127273e-07,4.646200620675754e-05,0.012039007694560733,1.4765232086347405e-06,0.002290384843323198,9.319464119298612e-05,2.9856317475111085e-06,0.9849975716351058,0.0005176568733523486
9,9,9,0.0039050039640066763,0.0005550533387781699,1.471377496269161e-05,0.00017390056647689398,0.0011843482191643611,0.04185462207957002,4.649453543021322e-05,0.0011419592183544392,0.023451692674093368,0.9276722116291631
4,4,4,0.00016287587038755865,0.00015595519034083694,5.2831456895286824e-08,1.1053383150024649e-08,0.9955569748602325,1.1218348288510113e-07,0.004019383002763219,1.1081350590692304e-05,9.355238723805296e-05,1.27012411651178e-09
358,5,5,6.0731202330600264e-05,5.015432059081633e-07,3.0213605622736523e-08,0.0006724964987835524,5.459314440416413e-06,0.9887284032343433,1.5402893208819323e-05,3.5332250375476995e-07,2.9811277949125917e-05,0.010486810499628883
102,5,5,3.149147499485716e-05,1.0965366614047946e-06,7.3193684283573175e-06,0.007965723780731569,1.1469288411616736e-05,0.990539953941275,3.2564548866088886e-05,1.2810901349213672e-05,0.0006306402877191038,0.0007669298715626727
817,4,4,7.976029337590009e-05,9.48862847596532e-06,9.346841012106715e-09,6.231618448381513e-10,0.9988319557535297,2.05618522827811e-06,0.00103930198598389,3.5829728822934755e-05,1.5973913693166178e-06,6.321118217528007e-11
1530,2,2,3.818083704722626e-08,1.8703461139298397e-06,0.997852474834258,0.002141075781780998,1.1849773481413166e-09,2.437829761074802e-06,1.2394093109267374e-08,9.509265572344868e-07,9.408453043630153e-07,1.9767631666075435e-07
1105,0,0,0.999138855240853,1.5639087295565146e-08,0.00023957412229564854,3.189162546024557e-06,2.8660217071239847e-06,2.855803191615626e-07,0.0006084044247509133,4.634516273676949e-06,1.6682202340815844e-06,5.070719330071468e-07
48,0,0,0.9977193858913722,6.21657822968296e-07,6.8138370572264305e-06,4.974703931987926e-07,2.3563529601687382e-05,0.00010093542828864002,0.001825547687861148,8.05955246679736e-06,0.00023129886873580707,8.327607640035134e-05
1763,8,8,1.5984871919413264e-06,8.34834778113715e-05,0.0001464880660800073,0.0002531186565989601,0.00022218748193786247,6.003035167660918e-05,0.00010841741640357464,4.999655409357133e-06,0.9982035655926237,0.0009161108142667505
795,9,9,0.024732806123238586,0.0001519899809969078,2.939759917725194e-05,0.005196409612653455,2.829754871353961e-05,0.001762735452832774,0.00011208337973743197,0.000805841893615885,0.16653519743849032,0.8006452409705439
1242,1,1,4.5530700562646305e-05,0.9121670368138323,0.013307963709937849,0.0011458859996140215,0.0052741566423024555,0.002103054327481679,5.1482998454535875e-06,0.0026291912972833667,0.03514876548404361,0.02817326672509663
821,3,3,3.310931190212451e-07,1.7434527200443013e-08,5.261752397522794e-05,0.9723657562078294,2.8332063254069138e-09,4.266594672788248e-05,1.0862502374370786e-07,1.9551435954441326e-05,0.020142983925598493,0.007375964974038376
206,8,1,9.088607878733418e-05,0.49837131816546126,0.009817573926133265,4.330274565278876e-05,0.014115231561019846,0.0012895650483638246,0.0017492921947489758,0.0005448918613399221,0.468553399522085,0.005424538896407825
875,1,1,2.0140755348550432e-07,0.9974457945896228,0.0011332012360342084,7.488121324688074e-05,0.00011061182492495956,7.731546723183485e-07,1.420401265790542e-05,0.0005096724555774788,0.0007011323449883943,9.527760721493856e-06
1186,9,9,0.03147366639262136,1.5886330130682712e-06,4.137760925559262e-05,0.0005677080138292453,0.009516259066835883,0.025786144243576916,6.359598613057908e-05,0.00731144382822083,0.09979997393141661,0.8254382422950999
487,0,0,0.9970281067468529,5.353348278122955e-06,0.0003685315145202634,5.9466485971335355e-06,0.0007480931920524296,0.00024862979962264164,0.0014429062083779187,0.00013370862417209797,2.4262758403646185e-06,1.629764168626286e-05
796,0,0,0.9979460612786555,3.7315414015479454e-08,9.737944042325736e-05,0.00010019527232606517,1.8322777868472527e-05,0.0012443045842450856,0.00026260463808454396,0.00020987307107579465,0.0001106865698722572,1.0535052034928436e-05
5,5,9,0.0013003130555563052,0.066299629434525,1.8001662472533027e-05,0.008784666400912522,0.00020543689347255847,0.011976194251088822,0.00018046210669502466,1.657239733263952e-05,0.006674848477373525,0.9045438753205711
259,3,3,2.5901345586656067e-06,9.213296373536774e-06,0.003878776732189239,0.9957201977983958,3.4096842056413685e-08,0.0001318753380048758,3.646039816000785e-06,6.612136971244552e-06,1.6672136224784073e-05,0.00023038229062363657
511,9,9,0.004839554959083862,5.621524399415105e-06,0.0003942924924374215,0.006835129838132582,8.73103623559594e-06,9.30011644213869e-05,1.1499628103100295e-05,0.00031167962639483485,0.10030902177615938,0.8871914679546324
329,9,9,5.356532107495584e-05,0.00015467214173410114,0.00015506443131531406,0.00010950018470280454,0.011881352713499058,0.00018444407096514196,1.3387778942615837e-06,0.3200273142145312,0.0769850273971746,0.5904477207471086
775,8,8,1.1032531428056555e-05,1.6403465692484274e-06,6.79896015258568e-07,1.0764077620156226e-06,3.0953322381785097e-06,9.916392913704427e-06,3.1834485501042994e-06,1.5866844282294198e-06,0.9997791877534921,0.00018860120660325086
325,9,9,8.498162062887931e-05,0.0038019711527084,9.603141804471598e-06,0.0015192656951783581,0.0042826903171375936,0.09738469889779988,5.355872022559133e-06,0.13304099242328518,0.00638239854946261,0.753488042329972
998,4,4,2.4487858119470665e-05,1.813512394382385e-05,2.2532197201395257e-09,2.359850169590925e-06,0.997861543067851,1.7655381995056908e-06,0.0008913603025747598,0.001177106042532918,7.72500788214191e-06,1.5514955507159856e-05
395,9,9,0.00029109372787648036,1.6982291243160994e-05,0.000539266245397058,0.00019201806062942505,3.4804444872347834e-07,3.9454102066601534e-05,1.41435170550937e-07,8.681167668194526e-06,0.0013210883472369243,0.9975909265782629
1077,0,0,0.8165324769478652,0.00015741503251407685,0.00018334717692280558,6.480447023465678e-05,0.0005233037177404325,6.457212534057912e-05,0.18007143854752175,3.8380931992288745e-05,0.0005142825132305034,0.0018499785366374204
343,4,4,0.00012383355309364053,1.7813786517957917e-05,6.0865199337724e-09,8.929432741977945e-12,0.9994841101634478,1.4470788670321333e-05,0.00026993186553131405,8.196045030985023e-05,7.796689402785547e-06,7.660757698163873e-08
1211,2,2,8.121104409038307e-09,9.378871001111011e-08,0.9995176338939424,0.00047253265524087036,8.947621619279472e-12,2.063249716096718e-06,4.887756526745251e-08,1.2246428113871524e-07,7.473268232147477e-06,2.3672260339711525e-08
870,7,7,9.724284305651388e-08,1.9793705968851634e-05,1.0283655406745187e-05,0.00045826599713791197,0.0002952063346499475,8.814258324889078e-06,9.296954210622899e-07,0.9992036355747851,3.764959272671336e-07,2.5970395352855833e-06
944,9,9,0.0001366946236049835,1.933134835294334e-05,8.923018046371412e-05,0.0016827090343687883,2.0211346723513294e-06,0.0001754769605350317,2.8233392813206488e-05,7.890370207461235e-06,0.005149174396952248,0.9927092385580293
1004,3,3,0.00010481069117527826,2.4853595542492915e-05,0.01096166290692644,0.9880518826387918,1.952062630610593e-07,4.438505051265847e-05,0.00039992527562891556,2.07008071647486e-05,0.00014362135420375948,0.00024796247379089536
1304,7,7,2.013836784267566e-06,6.56386584355345e-07,6.374831602718631e-05,0.0008670028796800773,0.00021392998774194208,1.3417142060098996e-05,2.442612490656229e-08,0.9985509605719766,2.797576619867081e-06,0.0002854488764006043
532,6,6,0.009442509603475965,5.013287000632451e-07,8.751242909021503e-05,0.0016724039735389559,8.024237758378432e-05,0.035038507287413465,0.948590471296097,8.730071914318156e-05,0.004991717104383024,8.833880574346444e-06
1392,9,9,0.0003151654340881589,2.124675683248555e-06,1.2631828440207706e-06,3.881876686223433e-05,2.4458320908575045e-06,2.5619038004435146e-05,1.1547464388697606e-08,1.810132945163769e-05,0.000503189453538831,0.9990932607399722
166,0,0,0.9996218572096716,7.356790130404983e-09,1.7445797376362834e-05,2.2118871834207528e-07,0.00012021749758684916,4.212052529886549e-05,4.325564763187998e-05,9.299822028779464e-05,4.070749458383842e-05,2.116906205406115e-05
565,0,0,0.9998059706292658,5.173528824213905e-10,4.318188701618236e-05,2.9997540309296512e-06,1.4913906629764202e-06,5.46810496441769e-06,7.662062730214286e-05,8.695990603256159e-06,4.89826817384093e-06,5.0672830627538083e-05
149,9,9,2.343284339926578e-05,1.1763529174604955e-05,3.3567246675095785e-07,2.5153056960203553e-05,2.934943922820197e-07,2.2464870413869477e-05,3.155203999938966e-08,3.357858428304361e-07,9.236555155967005e-05,0.9998238236437506
1274,5,5,0.0027224331061203345,1.1871839976738458e-07,0.038682003230314815,8.683673011661866e-05,4.716195488887369e-07,0.9583860514319583,1.2019817538990328e-06,0.00012072524058350392,1.5751845182959033e-07,4.2275196726203336e-10
1035,6,6,0.0008393500942998063,1.9409956188222922e-07,1.7803919050706992e-06,4.21625569661482e-06,0.00020512365815110217,0.0011079486312670958,0.962670250056761,5.349920674856423e-07,0.0351700840506072,5.17769682784845e-07
461,2,2,2.168460322275673e-07,0.02090719309702399,0.9781645432429249,0.0005858475675903653,1.4483138931718353e-06,2.1780457548578698e-06,0.0003363513027608471,4.221722005098419e-07,1.6848016192217759e-06,1.1461020011041088e-07
1,1,1,5.43362158935191e-08,0.9994798761118132,2.1810882351121864e-05,1.3655309857387353e-05,0.00025536942750667305,4.0716409472518586e-07,1.3923360102635084e-05,1.6122974346202507e-06,0.0002041536416313822,9.137468992275116e-06
470,2,2,3.098528992871334e-05,0.0002279640175842807,0.9890793647317759,0.0013039084434601437,2.4023487331714127e-05,0.0030727188608026413,0.00485026028131315,1.3119804306648449e-06,0.0014062046838820993,3.258223490689899e-06
191,7,7,2.129214512472561e-06,0.017281201590255885,4.346852476985194e-06,3.905604475531744e-08,0.40002283344978706,0.0001092706627432633,0.0002454738864902551,0.5823309980609258,3.129807567147799e-06,5.774191962779933e-07
729,3,3,1.3363578243932936e-06,6.250979242262583e-08,0.00019697705353393858,0.9995507787144785,2.128782464762016e-09,5.2875167113555136e-05,1.4359334828533356e-09,8.540918716565733e-05,5.385642321479188e-08,0.00011250358895256994
636,5,5,4.262971622614493e-06,9.54494618532614e-10,4.042096235084148e-09,1.3025853166798543e-05,1.7206227048382778e-08,0.9999519859775002,1.5889569576971152e-07,1.4968164835211003e-07,2.0057879554261284e-07,3.019383875264903e-05
453,6,6,0.0001729856443496864,7.007711444091174e-06,2.560066388957464e-06,2.5034691603496194e-06,4.040389172742016e-05,2.652335113749783e-05,0.9996744031547378,7.129017526382859e-07,7.28241970237999e-05,7.561227811457752e-08
865,3,3,7.561357172156628e-08,4.5632472856313206e-07,9.218034397289363e-05,0.9998151441833011,4.495357853528685e-09,4.5276230138887193e-05,6.888496710049535e-08,7.49340928859689e-07,3.1471397132947e-05,1.4573185900257376e-05
1039,0,0,0.9993747920310442,1.9382078744663625e-08,5.579166038598125e-06,5.863552680648584e-07,1.2867887710974127e-05,8.088816450183333e-05,0.0004948660555980584,6.323316533698985e-06,1.0795447372226188e-05,1.3282193853519597e-05
1762,6,6,0.001468183192804305,3.0903751387161845e-07,5.984289796580151e-06,5.839017154511645e-07,7.642992488145133e-06,0.0001608042983739193,0.976761778736533,5.873364096708466e-08,0.021594634137809526,2.067932413054533e-08
520,4,4,8.551708344185144e-07,7.049360635765305e-07,9.213623991193552e-10,2.110002963340625e-11,0.9999522656599719,5.619134730819039e-08,3.2603151350266364e-05,1.3492543214666935e-05,2.0895572230340356e-08,5.09183127821166e-10
1395,7,7,8.647297800360192e-07,1.1843659404158192e-06,0.00010433201041000389,5.0443371133896745e-06,0.00021602565548361086,6.140733238430223e-06,7.573124750618169e-08,0.9996603056971103,2.6814374719607305e-06,3.3453022044253545e-06
757,4,4,1.2637698698787074e-05,1.2115924731478247e-05,7.475636571758667e-08,3.35908006037549e-10,0.7931402374368792,4.5251850031698217e-07,2.1179091270496544e-05,0.16615175753736786,0.0004318706453796257,0.04022967405489834
1792,9,9,0.0004394881170181522,1.5555062885576652e-06,1.0006115172460503e-06,0.0001621805533124947,2.389492016317701e-06,0.00024003154875056737,1.2548596996355899e-06,1.650227506921742e-05,0.0017207680794616854,0.9974148289568661
899,8,8,0.03707898978749965,0.045505399979319405,0.0038892025373462,0.09074562806774844,5.9568827505444053e-05,0.23168386447007083,0.14300697566974396,0.0007098170359134295,0.4136809824882837,0.03363957113656884
1241,2,2,2.0175729577816484e-06,4.526723013576828e-06,0.7158844384040157,0.2812479662101201,6.1398571454933255e-09,0.00023711123927327708,1.1203806634593914e-06,0.00031748689818878703,0.002180844640837292,0.00012448179107269952
1690,3,3,0.00011532966641538634,0.002816234908097526,0.0018347446465956615,0.6370712147502666,5.676852279818533e-07,0.24080577548828652,3.731286855696699e-05,0.0001158849562688153,0.11369834740216368,0.003504587628120748
338,6,6,6.161284531565225e-05,1.8908431887288474e-05,0.00013514448949576775,2.0627539497084655e-05,0.0009674493188989321,2.3776205505409984e-06,0.9942105756704244,3.5412898133660034e-06,0.004579759409958016,3.3841590701431533e-09
1191,6,6,7.066187043965512e-05,5.898735126661562e-06,7.502516663614335e-06,6.508865899485055e-06,2.740943510245546e-05,1.7627661708644952e-05,0.9991360533603716,4.93655551152421e-07,0.0007276416393022016,2.0225983455507604e-07
571,0,0,0.9988351391452877,3.791651361704968e-07,3.313544261643572e-05,2.124186950294047e-06,5.7329954463738696e-05,5.664326263710193e-05,0.0001038331555763874,0.00030521652099845523,0.0005407241479484026,6.547501838539536e-05
952,1,1,6.421517428195403e-07,0.9817774162187691,0.01668991292334295,4.6599327587160956e-05,5.472325927830992e-06,0.00020538737693594181,0.0005818397442575898,2.667420438994419e-09,5.5865558476898016e-05,0.0006368617055393502
811,5,5,4.460106841288235e-07,0.00020790372083258745,0.0007410309414343757,0.00045661676054670176,1.7044969599652826e-06,0.9969840578706427,6.411455777973543e-07,0.001351976121659686,7.472633236961034e-05,0.00018089659929230732
55,0,0,0.9987802516770685,9.50880696013131e-05,0.0002341436504422911,4.2010754672748254e-08,0.0002653651166999663,5.530103628364325e-06,0.00010379276313868847,0.00040393158765864365,0.00010600823272557655,5.846788281725938e-06
751,9,7,3.010048392871276e-05,0.00600694213409175,2.6125441160710504e-09,1.2275900633472931e-05,0.08271510516797721,0.00443126777237377,0.00010300901587364902,0.4795380445613894,0.016032741361092423,0.41113051099009557
1379,9,9,0.0012281623964411452,2.6667825333388484e-06,0.00016987980346661223,0.00016054483132508596,8.61459149745569e-06,2.1204586704999236e-05,1.7733504131959937e-05,8.929831557794965e-05,0.0024684658171546707,0.9958334293711668
862,7,7,7.822975481461287e-08,4.6138408668333183e-07,1.8966408886123314e-07,3.9172962468561e-05,8.116378385252713e-06,5.101635659197018e-06,3.105081633719348e-08,0.9999122869785875,1.3364194641304504e-07,3.442807420647244e-05
1544,8,8,0.0001028719147512347,3.095124292448601e-05,0.0001480575323973364,0.0003276056718897388,0.0005419897954363252,0.0004205503546067489,5.946248277051301e-05,0.00028757531437553297,0.995349702508347,0.002731233182501159
589,9,9,0.00013627150386101843,2.800997462863654e-06,1.3952064072199076e-05,0.007085419538895078,3.1965947970920047e-07,0.009948925854458657,1.4182997820759065e-06,1.2046689716399438e-05,0.013079375294250028,0.9697194700980221
1036,7,7,1.7767986226995283e-07,7.856424918417208e-06,8.773736086566922e-06,1.5647843701081053e-05,3.0600421680084986e-05,0.0001509341024981645,3.46188241713824e-08,0.9997758333913755,7.686471581033991e-07,9.373133895539845e-06
122,8,8,4.305476494627201e-05,0.21972418617585784,0.0016373375252875845,0.012722533599914794,0.00013312918538837095,4.802888563770863e-05,3.6827741237516575e-05,0.0008496910415882069,0.7622323480644694,0.002572863015672173
540,4,4,9.197624509513969e-06,8.021495330545804e-07,1.3081536893765636e-08,1.888738601587146e-09,0.999163174972721,6.231275625986928e-07,0.0008059876980575733,1.912674043334946e-05,1.0721898859711537e-06,5.27021307952798e-10
1062,5,5,1.522013322342886e-06,2.8224110553923766e-05,3.352386292410691e-08,7.006448243122673e-05,1.5029091169598226e-05,0.999328921844288,1.3314089905816368e-06,1.3242643240798997e-07,5.602605023748495e-05,0.0004987150487116173
165,5,5,4.906438124773615e-05,8.444208763780639e-08,0.00015432849481255962,5.981649716027815e-06,1.6589230044663606e-06,0.9993422598181825,6.929984541895759e-07,0.000260711532324102,0.0001766425265515619,8.575233619377902e-06
1279,8,8,0.0005363429290509283,0.2936288611549144,0.0070445908337359985,0.0002832137275965994,1.783299479378833e-05,0.00862639970239988,6.368320048136382e-05,0.0013114081481010406,0.6869936734062531,0.0014939939026729215
1683,6,6,0.002180282653539979,7.758032308261281e-07,1.7456483899127535e-06,1.0890991981222738e-06,0.0006256622167433914,0.0011128333165956565,0.9956771549863174,4.852821712578998e-07,0.0003998410186748486,1.2997513852521942e-07
457,5,5,0.000458813147599561,0.0013925189622634566,2.852557370878242e-08,0.00012052793007579034,3.875204576832281e-06,0.7704405571935665,5.1513336820336705e-06,0.00023623785782451233,7.810311222611743e-06,0.22733447953361482
1362,2,2,1.1574955272002266e-08,6.452596405522091e-07,0.9989612256234931,0.0010374271859098947,1.170770471553701e-09,1.9941627108812708e-07,1.7276445404486522e-09,3.7650266770107536e-07,2.164580112136734e-08,8.989284606497485e-08
1499,2,2,2.9646562351122813e-06,8.956243544260359e-07,0.9993790061204798,1.3288423425477349e-05,3.0152248215883504e-09,0.0005570109929996887,2.430225299716094e-05,7.777937237137055e-09,2.250159057496657e-05,1.954577128532941e-08
838,3,3,3.042849095226853e-07,3.94098943624311e-07,3.308367430149378e-06,0.9866248085804007,1.6677291957191045e-09,0.00021526834369147232,2.5885892966900573e-08,0.0003045444146406605,4.420741268151034e-06,0.012846923615093452
184,2,2,0.0004864161922729502,0.018518778292565978,0.596060875203515,1.086650646024689e-05,0.00031437891648621264,0.016193228722541846,0.1431654758306253,6.183769557803019e-06,0.22453937868753404,0.0007044178784405987
1615,0,0,0.9028671420332481,0.0023281832310916217,6.53006358275973e-06,4.476184544147276e-08,0.013522267691811134,0.00016994417083316911,0.07837643397632976,1.573928329079699e-05,0.002574144893378467,0.0001395698945888232
1087,3,3,3.923320896797534e-08,3.169692605022122e-09,6.372941124070623e-06,0.9960565716560508,2.480868380730451e-11,3.48063560335491e-05,2.0521685264809506e-10,2.2555144112272193e-06,1.8313020429667726e-06,0.003898119597410166
1020,9,9,1.3475786244914534e-05,3.249430025705923e-07,4.953839186883068e-08,3.6917590796141395e-07,8.73710192826727e-07,3.567873821102514e-06,6.00557958356081e-07,4.926475882267576e-08,0.003872033983815084,0.9961086551659064
394,8,8,0.00041735083756593635,0.0009363218202193593,0.0003612996491772002,0.0009278401690809533,0.0004209871932975392,0.0017818234419457943,0.0024269719276494104,0.004905317126953678,0.9840220903368996,0.00379999749721073
680,6,6,8.108284278121574e-05,8.346948895466323e-09,8.264437261948571e-08,1.2525636472187513e-08,0.0002723524345828372,2.6959158622574434e-06,0.9995756980101355,2.1992215723854437e-09,6.806506873470245e-05,1.172384649706861e-11
1084,2,2,2.191502596024687e-08,3.7613368818477713e-06,0.9998570516034837,0.0001387257560736813,3.365970788345296e-09,6.340155812485747e-08,5.402113205277423e-08,1.6971918043949319e-07,2.6408509362461718e-08,1.2247218405617776e-07
679,5,5,1.6087170529069973e-06,3.2625571518735414e-07,2.7788878881008454e-08,2.3142434278029727e-06,2.3467651376989315e-06,0.9999168748039696,1.550317089046544e-06,7.087164838650988e-05,1.5481430807772934e-06,2.531317261539706e-06
391,5,5,3.4344860845077804e-06,0.0005289224403015086,1.425360243661464e-06,0.0007298161247737971,5.00443646894789e-08,0.9929121429242013,5.010638922789102e-07,1.3665229737227511e-05,1.2643504756158683e-05,0.005797398821645012
1678,1,1,1.048864791729478e-06,0.9918925305999367,4.945925546240979e-06,3.4577582683123855e-07,0.0002557967344880445,5.488641175013797e-07,0.00012872693638783144,1.8595065416795164e-05,0.007696461201451488,1.0000320368090417e-06
499,2,2,1.5957424544921292e-06,8.247768616210643e-05,0.99977563330262,7.791734412628043e-06,1.5387080419904486e-06,9.274036996276311e-05,2.5976023317698683e-05,1.185776719079105e-07,1.0474196626031703e-05,1.6536587303560058e-06
1457,1,1,0.00016538675332587925,0.8669019360434229,4.096352888468054e-07,6.656193372472734e-05,0.0009930344835630339,3.0154455569169835e-06,1.9181130178218402e-05,3.4613016991385894e-05,0.0014555280028053963,0.13036033355514257
1002,0,0,0.9987842695451765,2.6099587294640758e-09,5.093200999565265e-05,4.702868160180818e-06,7.227538952412284e-05,0.0001121179555087078,4.9901433662641864e-05,4.522182234192631e-05,0.0004923515749132895,0.00038822479075786425
1725,6,6,0.000807869595861688,7.96055923723762e-07,1.2156558530149483e-06,1.0557685187057403e-06,0.00026422705112038144,0.0001206088846687376,0.9980531891528271,5.485852863388538e-08,0.0007509471938575928,3.578284032477996e-08
1651,4,4,6.34365484021752e-05,3.527282326271628e-05,3.1871405646106996e-09,2.0736788173387068e-09,0.9981284985397957,9.513872682714767e-06,0.0017127053941493181,1.7185157776959936e-05,3.275809624847621e-05,6.243068626484133e-07
486,4,4,4.600652371976895e-06,0.006009376191832064,6.680475137665227e-09,5.967156270549286e-08,0.9932172557645027,2.3777225801882356e-07,3.0160805401005585e-05,0.000737212590105117,1.0658093582110233e-06,2.4062133283208712e-08
1418,3,3,2.6193370056613257e-05,1.5799941317345755e-05,0.00635599057587617,0.9914151638539368,9.87780150699274e-07,0.0017467085394614402,4.781854868602962e-05,3.907308169892229e-05,3.965391514143399e-05,0.000312610393674515
478,9,9,0.0004572635051615861,4.669464751225854e-05,0.0002741976471167654,0.008386069669364282,2.3581564541947532e-05,0.0026864581744510587,0.00010213426361760508,0.00022806041065003314,0.0003503138742704965,0.987445226243314
1477,3,3,2.4907410903968027e-06,8.031008774182745e-07,0.005885139879746689,0.9934138223754486,1.460315356099178e-09,4.773063959506825e-05,3.916372765755019e-07,3.4350967159695753e-06,1.8937044066848713e-05,0.0006272480248668583
93,1,1,1.9197031733377265e-07,0.9962299407271322,1.1398622638686135e-06,5.3818164893499015e-06,0.003549805316211309,4.3205514526097e-06,5.709484144023512e-05,6.061166463905902e-06,0.0001235391389562747,2.2524609273296453e-05
441,0,0,0.9993414665362037,4.618225889470587e-09,0.00020138318705416474,7.179296317798016e-06,3.4098532067841206e-05,9.146158341216462e-05,9.783875222031561e-05,1.58996860488812e-05,8.92207733125753e-05,0.0001214470351368153
342,7,7,4.160582381998883e-06,4.6863877938444704e-07,9.968510258338931e-05,0.00021667857484324618,0.0001260589142315647,1.4550935080195447e-06,3.4806669005655817e-07,0.9995153500136023,3.572970971100003e-05,6.53036692158248e-08
310,2,2,7.130400716152668e-08,3.844161230013303e-06,0.9995002193828376,0.00046926503376831525,1.738739513910947e-09,1.6456166557118697e-06,2.4457219918670073e-07,6.898424858736795e-07,2.2687265268501932e-05,1.3310828079229335e-06
72,0,0,0.9984920686121569,2.328414527328931e-05,0.00014826960170144453,8.852266056636514e-08,0.0001800051091139293,0.00040165220812117406,0.00034826695621586996,4.282986365468946e-05,5.8775262894831154e-05,0.0003047597182073639
116,2,2,2.5281412797912152e-05,1.2849558785257159e-05,0.9799079912665289,9.062316449195908e-05,4.0160590651547695e-06,6.965316034208316e-07,1.617053924758913e-05,0.00024604427981269635,0.019682821019804057,1.3506167863012735e-05
1574,9,9,0.00018556807319262085,0.038373018186508526,2.4945150512142024e-06,1.617800107884983e-05,8.893912363600043e-05,1.1016187661878871e-05,8.015257284560474e-09,0.019684118264141754,0.00026014430499795763,0.9413785153284739
976,5,5,0.00032593187122133575,2.75609740250242e-06,4.269837602808569e-06,0.0012680661474954546,6.8788274493308e-07,0.9948628896942423,5.2798617222547464e-05,4.322467032568117e-07,0.00010137773706594531,0.003380789868298917
1017,2,2,6.888199769503354e-10,6.431324413077362e-07,0.9998863263931657,0.00011243456689176307,2.0491592285546366e-10,4.2214794016613984e-07,1.2139951523712379e-08,8.473722401326941e-09,1.4933632721589218e-07,2.9158237224298633e-09
1744,2,2,1.8323799643398383e-08,2.526336445545563e-09,0.9994752597114003,0.0005201521288519458,3.0963074002471247e-10,1.5987109015821265e-07,1.5747579479803002e-09,3.7472413429293744e-06,6.50400376983972e-07,7.912412970419873e-09
356,4,4,0.0004495883690197453,4.04675421401261e-06,2.0524134267861053e-07,1.0610998911924482e-10,0.9977270445531997,2.013314945493369e-06,2.83636261944136e-05,0.0017600721390667905,1.6485815605265754e-05,1.2180080301890875e-05
158,8,8,0.0006473801287787192,0.2266865761440322,0.0005469463052006959,0.004352055640389856,0.006977809676171385,0.00031331264042889394,0.006259891636026441,0.010678140634759322,0.7258344048836609,0.01770348231055164
854,0,0,0.9986010016097633,5.754443726271281e-05,4.894711886448785e-06,1.3404216088311043e-08,0.00028086490958560386,3.2946073889605134e-05,6.192557017595032e-05,0.00026875364498820574,0.0005500024448847554,0.00014205319334754555
328,0,0,0.9926806961911895,8.270444603711075e-07,5.463936911395102e-06,3.1655433713025245e-06,1.7238549861644454e-05,0.006220976079091228,0.00022339646949536205,5.9498917941912965e-06,0.0006576600307251405,0.0001846262631000904
1174,7,7,2.295483857481608e-07,1.8205568448477042e-07,4.514483630713748e-06,8.385506640818211e-05,1.7436709118313843e-05,1.291790088485083e-05,8.180682767300164e-08,0.9998714226066983,2.874403843329239e-06,6.485418518596002e-06
246,5,5,5.608418766457999e-05,1.378317423262656e-06,0.00013465370411210818,9.349529472096535e-05,4.7505624751155947e-05,0.9990261594259808,7.607302975582417e-07,0.00016453110840945536,0.00047345221711391617,1.9793895263273367e-06
1213,1,1,5.511421747439483e-07,0.9913243915353618,0.0012005078730713337,0.0013717595053331039,0.0032524387125375223,8.268088176614779e-06,0.00012159292044747312,0.0019314288019375789,0.0007294249763282296,5.963644463177639e-05
1171,4,4,0.00011010427691317304,1.2261472705825167e-05,1.93917007250518e-09,1.596879709558242e-11,0.9997676656687574,2.6104084232555338e-09,0.00010240042182717988,7.166545442115512e-06,3.970423854865034e-07,6.4215645055651675e-12
930,5,5,0.0008010720820001815,1.0714822525474176e-05,0.0003379523052234874,0.1406546256644177,3.059288242064757e-05,0.5560262168264061,0.07811829055204973,1.2515500392115947e-05,0.0013181277484803262,0.22268989161608432
35,5,5,6.1776226085184695e-06,1.6584309830839643e-05,4.3553381395417584e-07,0.00011050108306445061,6.113122670424517e-06,0.9997323388130529,3.300659792056667e-07,7.984975279167047e-05,5.8550018921643705e-06,4.1814694295901956e-05
1270,2,2,2.511929733112974e-05,8.35237808406458e-06,0.9486166559530579,0.044973831619722036,8.63263082873274e-09,0.00097477327882486,0.00015326744070373992,4.671468138832206e-06,0.005191634488787761,5.1685442718851356e-05
11,1,1,3.4370342525033365e-08,0.99586243628046,3.786478677062818e-07,0.0014090838085135805,0.00011249034684136818,2.3728270727470283e-07,6.646283667986439e-06,1.1031833523466545e-05,0.002557026270975619,4.063487510076941e-05
927,2,2,1.1004951764839548e-10,1.7356868768469372e-07,0.9999910425683138,8.678345667101707e-06,5.2607276846798413e-11,2.0214454324275556e-08,6.086549553194487e-10,4.232145290330219e-08,2.9597756100794968e-08,1.2612356352862694e-08
30,0,0,0.9990894318882152,4.1018595033968984e-10,1.729608462193665e-06,2.443041167294536e-07,3.8056932623626936e-05,0.0006188729198360986,1.2337647455037137e-05,8.581374331070789e-06,0.00018601233669098192,4.473257808296737e-05
1672,5,5,2.5545947128094645e-05,1.3619064497137882e-08,3.149711263841782e-08,0.00011833695396480982,1.5808486096594426e-05,0.9995349133360314,1.2179065125548968e-05,2.1478710409684828e-05,2.3622833491263815e-07,0.00027145615673154864
911,6,6,0.003336488240333731,2.90505181340988e-08,2.7358401698833476e-05,7.142120697150767e-06,0.0018610720687035234,0.00019092446876068012,0.9920275738773774,2.048152433374558e-06,0.0025473605311789787,3.088297931430397e-09
741,6,6,0.00010960409551209929,1.1336463123072802e-07,1.523898422695554e-06,4.3189013246552104e-07,0.00040007990601297516,2.0127178571226947e-05,0.9986511228937069,6.519305466040849e-08,0.0008169281493718265,3.43058406194421e-09
754,7,7,1.4942678996878173e-05,2.9808401482132633e-06,2.4426362362335606e-07,5.273805685344239e-05,0.00017305698741483926,4.67110677784436e-07,1.889805382544712e-08,0.9993374369052253,7.303370895789055e-05,0.00034508055004842336
1163,6,6,0.0013058342294204053,4.9239769325002656e-08,5.603903478722971e-06,9.078132631428923e-05,0.00013410112039623058,0.0020726514783354242,0.9917132545753758,1.5101577208023315e-06,0.004675307607962551,9.063612264212759e-07
1742,2,2,2.5241965974580426e-07,1.3263842921255222e-08,0.9676995846907143,0.030752592960783767,2.04924497389266e-07,3.2574653702598796e-05,1.618729243464714e-08,0.0015143110782534202,4.4973027893541246e-07,9.097438005750844e-11
1414,8,8,5.436704332491005e-05,7.878128920604066e-05,2.466052926366961e-05,0.002417596150406097,4.954337115481487e-05,0.009200176730877991,1.2606628857621764e-05,0.00024707546692775295,0.9572767848535397,0.03063840793644128
1599,1,1,1.2832510971296332e-05,0.8963800961345302,1.0889293579025418e-05,1.3013540631618727e-06,0.09753264367656163,0.0003057951883405856,0.0019819386459814267,0.002415727029993054,0.0012541644561673343,0.00010461170981222087
32,5,5,3.255152437742019e-08,8.004713380810128e-08,9.213758796526826e-10,5.0733572496481376e-06,4.494417226793066e-09,0.9999928758666927,9.482901221039575e-09,1.2953247948925236e-07,2.9985871870406734e-09,1.7907476386303417e-06
1447,5,5,9.07809181219575e-06,1.2450975630289843e-08,7.680560322348641e-08,0.0008200742398821587,9.943519350252207e-09,0.998782713967761,5.230007315258457e-06,2.9421561137326805e-07,3.5083140815466057e-06,0.0003790019634381463
1222,6,6,3.14514635839266e-05,3.5933763208253276e-06,2.103300929310313e-06,2.8136479201479197e-06,0.00015854182255574246,1.0262318927044422e-05,0.9993148956799318,1.0135034529410347e-06,0.00047486776828700614,4.571180911305322e-07
175,3,3,2.5733604710769376e-09,4.7498382872325716e-09,6.729237326433749e-06,0.9999847448281258,5.642310509109654e-11,8.622226247226117e-07,8.351875974324554e-11,1.8205535116911274e-06,1.5587118748228577e-06,4.276983395904223e-06
1411,4,4,0.00034593875488873004,1.6681503880147056e-08,9.607603509284116e-08,2.679672970277655e-12,0.999592266269071,1.1589409240559938e-09,5.361663924481804e-05,8.007820971059917e-06,5.659297768504441e-08,3.6871276708747454e-12
835,3,3,6.429042052963937e-08,9.244312389013218e-08,0.00011432896860682834,0.9983863277848715,3.751008715561256e-08,1.030256863051871e-05,2.6979773124051826e-07,9.600280174483795e-06,0.0013631545787569364,0.00011582177759698023
493,1,1,6.345078863559989e-07,0.9923583560662752,3.783867694429803e-08,4.374395446721716e-05,4.502145532923346e-05,1.0983467113715195e-05,3.6354448698402177e-06,1.439616292800338e-06,0.0011012496125080333,0.006434898036580497
710,4,4,0.00010638207885254632,2.216752543009341e-05,4.733637653222691e-10,1.9884850459676625e-08,0.9965998514936781,1.3156000015487742e-05,4.536165590612948e-06,0.002970543722356565,5.434220491899275e-06,0.00027790843537010265
69,9,8,3.200158882474705e-05,0.020202990045914634,0.01820843043846763,8.896283708827063e-05,0.005401255859288531,0.000618977643707753,2.3040574047131464e-06,0.08931943362251485,0.6020879003388607,0.2640377435679282
1323,0,0,0.9871834464349832,0.00011570208468497064,1.6420618736041564e-05,3.995056992609843e-07,0.0001814645197015838,7.106126052609738e-05,0.0005836629277032609,0.00033069660147871433,0.010169135337998918,0.001348010708488084
1484,9,9,0.0018647885755753056,5.5771859418941705e-05,0.002774121712224949,0.02642262957909064,5.632711654142686e-06,0.003439817062177445,2.7546721676611876e-05,0.00018856936190819536,0.0020170249573517626,0.963204097458922
667,1,1,0.0002443841122748372,0.9535440750523875,0.0008627091024715006,1.5759592470729332e-06,0.000734927188839357,0.0003003977202891319,0.03533490858682433,2.215653806625647e-05,0.008950742199628272,4.123539971613123e-06
1751,2,2,1.2316492636911652e-06,1.8736326354330386e-07,0.9996590108835557,0.0002192438518985701,2.5536597591762578e-08,8.72562752242431e-08,1.3260976483480326e-07,0.00011905842676782697,1.0020564627662357e-06,2.0366150197275165e-08
1275,7,7,8.760502028345693e-08,7.052838219270809e-05,8.50298458938481e-06,2.1130800638850275e-05,1.7189666294475652e-05,0.00010568293956848279,1.5409395755024846e-08,0.9983789089281493,2.6393146432523474e-06,0.001395313969507371
66,6,6,0.00012069370308723183,1.4783846341530938e-05,3.638796668970651e-05,4.578055915263798e-06,0.0001826301149527564,1.2998193107120623e-05,0.9896016566168139,1.927670684894417e-08,0.010026245690133592,6.536252034742998e-09
1143,2,2,6.220287413385197e-07,0.025980257905498644,0.973941570836688,1.5846298451479968e-05,7.364148113195676e-08,4.616185423005004e-07,2.0546694951749444e-08,9.269540490279487e-07,1.6024441851315887e-07,6.005992543445357e-05
1579,0,0,0.9947343274388429,3.2205823379032384e-07,6.375225068814526e-06,6.993920780177371e-07,1.262604223011118e-05,0.0009163760260417946,0.003003789965515179,6.7696272299448914e-06,0.0010882187833021382,0.0002304954414572344
533,7,7,1.7969374859584875e-06,0.0001347591256015376,0.0003192183932007336,2.1757265219642203e-05,0.00013613988097140576,0.0002128010128029778,2.776130771229222e-08,0.9861226892787492,0.0006812549055897356,0.012369555439071256
735,3,3,4.819232758329983e-06,1.4036257352643641e-07,0.0049055944675291015,0.9947990101809241,3.11441196796625e-08,1.2783988060331677e-05,2.5731607338630983e-08,6.607778622769098e-05,5.031241148333333e-07,0.000211013982085036
1231,5,5,0.0001080358701133284,5.644028485485524e-08,8.747605477894783e-07,0.06764828240368549,2.59200698920596e-07,0.9210305240852161,9.523172234759497e-06,2.7544424665151157e-07,0.008251624801445683,0.0029505438215265715
164,6,6,0.0001561738329673606,4.422827392438024e-08,7.524896415307375e-07,3.427027793725059e-08,0.0009942612651903664,3.898513214594074e-05,0.9977623137931579,1.7079926161347945e-08,0.001047417833976621,7.444199296983819e-11
972,1,1,4.170617228378635e-09,0.9977068667776511,0.002229058896293229,2.7428010278364056e-05,3.420942634836702e-08,9.392850995050934e-08,1.2755725234362237e-06,5.679365420826079e-10,1.1442748860351323e-07,3.5123439275144684e-05
763,5,5,0.0003119607812642011,4.946003046663365e-07,9.386792268285754e-06,2.0587101507325838e-05,1.1052778916439113e-05,0.9995828057101338,2.354390665533399e-06,4.323599215853002e-05,1.198828284208663e-05,6.133569939190559e-06
103,3,3,6.319469939881973e-07,0.0019282005906950065,0.01869232761564454,0.9595298191613967,9.812761314806705e-08,0.0013060023736055455,9.927154289520123e-09,0.018485907164267037,1.6715416695585272e-05,4.0287675934019045e-05
29,9,9,0.00034803798561709314,0.0289931893653111,0.006072915816586372,0.03110228293576164,5.920818058336935e-06,0.0009186218426761988,0.0005658466853405233,9.596174841771345e-06,0.00012756445094334098,0.9318560239248636
861,1,1,1.8042322497477427e-05,0.8633319063874467,0.006020136271596031,4.069012594035779e-05,0.0006907204294846363,5.523723089429611e-06,0.0003283714506687923,0.008854486636302896,0.12046197643795874,0.00024814621501488906
1307,0,0,0.9965380642715242,2.9299243915072833e-07,4.438997104880327e-06,2.533225312727974e-07,7.287085143219939e-05,3.6052238447327265e-05,0.0030180752506425114,1.0293771896183959e-05,0.00013233370206394842,0.00018732460191817093
220,9,9,0.0002756635603162052,2.265132903319858e-06,3.3274253358530005e-06,0.0002214473782822813,4.3179344879248716e-05,0.005277919551507608,8.58600163299557e-08,0.00012073850888561283,5.1975374179992996e-05,0.9940033978636936
819,7,7,5.399630087596679e-08,2.2200902097671079e-07,2.2084614270316755e-05,3.7110032436315084e-05,7.488212368742097e-05,1.848897854021922e-05,7.623250353289597e-08,0.9998352796567855,2.4658702579441975e-07,1.1555769429111291e-05
284,8,8,0.0004360263462417846,0.0011920467741206666,0.001411007328410296,7.610004190266792e-05,0.001161105707448094,0.0039050336061966823,0.001027731517895302,0.00041878653806148527,0.9894172675001675,0.000954894639555415
1357,1,1,2.951507836866458e-07,0.9872259967713476,0.010520368728641948,0.0007656315743559588,5.0191586917433465e-05,4.326066134412886e-07,3.846557352763248e-05,0.00028683808131483115,0.001102724317892833,9.055608604502607e-06
1177,0,0,0.997987862275329,1.4585728931052702e-06,3.979539392119843e-06,1.565046948773626e-07,0.0016729968177556533,0.00014022491055820275,3.6519404908530384e-05,6.496542383489109e-05,6.343042912546961e-05,2.840612150827584e-05
1126,1,1,5.5619200571278286e-05,0.9863002651169902,0.0006425114892040236,4.887355880215994e-06,0.0008988617885556525,2.072659410836423e-05,0.002863741003377467,0.0006156265667894429,0.008580240889408878,1.7519995114597755e-05
110,4,4,0.0006647838250049159,6.626313804805201e-07,4.11429699858486e-08,4.823217138585056e-06,0.9499308222683546,0.045780779188857895,0.002923727543506808,0.0006857419076904495,5.309638280753083e-06,3.308636815450072e-06
299,7,7,5.398369885842776e-07,3.0302673223067478e-06,8.017187041133281e-05,3.283588842602453e-05,6.717374289754151e-05,9.394156092038046e-06,2.439801595123632e-07,0.9997936025080285,5.436747373110998e-06,7.571002300880512e-06
1326,9,9,0.0029089572286336942,7.23333449991073e-07,1.5459086647660088e-05,0.005568472518161782,9.236378851241464e-06,0.008798180355777011,1.7466007759296086e-05,0.0005778914486029062,0.03947593073881095,0.9426276829033056
651,5,5,0.0002204296827988845,1.645076501155733e-06,2.429229267829218e-07,0.001348287168458284,2.450606440562476e-06,0.9975502996356792,7.840106983648768e-05,0.0007881685980546981,2.1938062955824196e-06,7.881433008446019e-06
1627,7,7,2.08230053317943e-06,8.30350019148344e-06,6.602327933223692e-05,4.9053431998558e-05,0.0010867730418031938,0.00023609098732333252,1.7510560448147547e-05,0.9985244440973222,8.782365631316803e-06,9.364354165795443e-07
629,2,2,2.031329589335952e-09,0.0007700947870016524,0.9992262255282167,9.458042592918513e-07,9.105275661356835e-09,1.7588033736965658e-07,3.55052828561542e-09,5.308006379724538e-09,4.2366340533615205e-08,2.495638704528726e-06
906,1,1,1.2974362545103886e-05,0.9187881805261964,0.06819343523850009,1.341432053188709e-06,0.000558536489081981,0.0014073209855555299,0.008127588873629573,1.40443104763234e-08,0.0018312166769100565,0.0010793913712174507
852,8,8,0.00033597188437881146,0.010524314368483112,0.027313515514720773,0.00037982667283309115,0.0005348951042225454,0.0009307473540460016,0.00039713895190815354,0.0005890283636923955,0.9442664183468842,0.014728143438830851
226,3,3,9.03354913656614e-07,3.127857567932289e-08,0.00019655355199313187,0.9864041642988833,1.9245845959152147e-08,1.1640700671377232e-05,5.642798510836865e-10,0.013354649707821043,8.977624984421542e-07,3.113953451769705e-05
1262,9,9,7.861971258797077e-05,1.017486452303491e-07,1.552211843910106e-06,0.0003633795804572701,9.91047370877065e-07,0.0009824523535544006,5.425188835484451e-09,7.624906075030559e-06,6.867343416150404e-05,0.998496599580115
1536,4,4,1.4182710749796867e-06,2.9503613328155314e-07,1.472019216770472e-10,8.259579593664207e-11,0.9996680743658289,5.1708852196955644e-08,0.0003221734220751273,7.982138131276503e-06,4.82227402058499e-09,5.832301428186894e-12
402,6,6,0.008931858098156048,0.00015930676118337556,3.712298658064031e-05,3.667090969640989e-05,0.002910987702079337,0.0038976484640654745,0.9742344779461373,0.00022234557397242087,0.009569115567729197,4.659904000288048e-07
1668,1,1,1.58579365412746e-05,0.966232139202994,0.005353176991855367,6.278547107061111e-06,1.0183174065455996e-05,0.00011200217473338312,0.003119100945146575,9.630897671206198e-07,0.025145504360797655,4.7935769919645116e-06
1162,5,5,0.0002726078205778281,3.2227321121983518e-09,7.271692479185578e-07,0.02968791102446362,1.2329835204368355e-05,0.9675570974572646,0.00080971281742963,3.169815151595986e-06,0.0011901254686894213,0.000466315369238756
1233,8,8,6.635294284403802e-05,0.0002872953935001718,0.009526866682188368,0.16277562618781746,0.000414771587451647,0.09316165871744628,1.5829458341412472e-05,0.02862068890252551,0.5319954444881516,0.17313546563973348
180,2,2,2.3339729114557704e-07,2.4026853782376815e-05,0.999090095088065,0.000414144473153949,6.521885601260688e-09,1.0091718960513708e-05,1.6857901309188997e-06,6.694893465376203e-07,0.000443158357437844,1.5888309946259597e-05
43,7,7,0.00021668670315337082,0.0004966705852844639,8.232807708682227e-07,0.004915468662425105,0.1006143895252886,0.0004024726118814991,5.639464089375055e-05,0.8855064962165586,0.0002137019067896499,0.007576895866954084
123,8,1,2.8009379690062644e-06,0.46701527815199106,0.10549325956781672,0.010206508298195648,5.767658825168801e-07,5.356012772195462e-06,0.00044898867621359883,9.779254147576874e-06,0.41675396129041636,6.349104459541225e-05
31,9,9,0.00018924708208242004,0.022583976423313154,0.0036014517307550783,0.03990918299018977,2.610703123627878e-06,2.0326728742620666e-05,3.742917324756055e-05,0.000128145898068233,4.659521430347183e-05,0.9334810340561741
648,2,2,2.6738300475817845e-06,5.6418199864083294e-08,0.8078800475184457,0.19203586872234796,7.415142004495078e-10,3.648713001130255e-05,2.7128035521566455e-06,8.605652972945101e-06,3.3007230713481954e-05,5.399521949292101e-07
1055,6,6,0.0004708217455388472,4.685788198571951e-08,1.7580523817312013e-05,1.411085743722955e-05,0.0010887307185517634,9.142278986304341e-05,0.9974230731467396,9.221958406128233e-06,0.000884978690230064,1.2711534048408631e-08
638,8,3,0.0001466942758729887,0.042055223322041375,0.02825627676892548,0.4688458742968697,0.0003395020609252852,4.024205077807852e-05,0.03925233161392504,0.03154239027107246,0.3876767330476946,0.001844732291895065
482,8,8,0.0003251303320646369,5.845264401249092e-07,2.0006489631531074e-06,0.0007552717296105245,0.0001050220800467433,0.0013322675956817334,0.0007672463595345545,0.000616015628323956,0.9914922280226135,0.004604233076721016
1589,5,5,0.00015255197114131996,9.379192282213496e-10,1.2867821101469854e-05,2.784945303028132e-07,7.93892972792824e-09,0.9993547818250507,1.1121515303080939e-07,0.00047361546094466637,5.733093141174774e-06,5.124208838365292e-08
1324,9,9,0.0006177003594233876,7.669129279494095e-06,5.78065507701293e-06,7.807430887696785e-05,3.366650068105376e-05,4.911104081312574e-05,3.930103590288282e-06,5.8859679100465904e-05,0.0005829385134629786,0.9985622697096953
1000,1,1,5.674599833191743e-08,0.9459543027533229,0.05362952687883301,0.00034542420606975435,3.993529122250989e-07,6.457087448173588e-08,6.091225339940218e-05,6.316164735628354e-09,1.559209998425646e-07,9.151001425358596e-06
758,7,7,0.00010349959869676017,1.5457631144831206e-06,1.3059842378282474e-06,5.09194001671388e-05,0.00217267791160232,1.344966566670224e-07,2.1097431201035563e-07,0.9976427735264225,2.63590834387289e-05,5.73261351687841e-07
1063,6,6,1.0602831128752277e-05,3.639466450599751e-05,2.089047692444298e-05,1.971678768277377e-05,0.0003025943253556517,9.669176110797747e-07,0.9991703199012809,1.7219209396061031e-06,0.0004367874159498962,4.758620626438233e-09
269,3,3,1.1146633947953293e-06,0.00012630239106853277,0.0001577609553590479,0.9959401988265845,3.8973499336893846e-08,0.00039259738068096885,1.1655138377869734e-06,2.6060314070666405e-06,0.0001980168997888606,0.0031801983643791423
1322,5,5,4.805607356954075e-06,3.7445647205583585e-05,1.1007504393522259e-07,0.00010195887506901088,8.283643979562535e-07,0.9996697261195865,6.486332258573203e-07,1.9147114646413807e-06,5.418429645800428e-07,0.00018202012368513673
38,8,8,0.0011745876795810632,0.000500128485253535,0.0029880424362941317,0.0026668598880168317,0.0022541964596638074,0.08824627278909683,8.317690479772073e-05,0.012052538789184719,0.8638508708720265,0.026183325696084777
1145,7,7,3.267077580325124e-08,5.1037181484464195e-06,8.916465789038703e-05,1.1181796103424123e-05,3.050711776469638e-06,4.333466004237222e-05,6.749815082502967e-08,0.9998099626966874,1.1597974132536194e-05,2.650361629232174e-05
1131,6,6,0.00408185663687708,0.0003253747331082963,0.0009627502519228131,1.0831602659769615e-06,1.2657879586230773e-05,0.00043612016652803606,0.9865276013692983,4.5706443141829425e-08,0.007652474744614119,3.5351356041005604e-08
1711,7,7,1.0581345029927178e-05,0.00011789065329897123,9.760319048064518e-07,0.0015343591531435145,0.0002303365314418295,5.051588085292268e-05,1.0930504692368611e-07,0.9959879291782535,0.00013524624359982144,0.0019320556774279046
1538,8,8,0.00011638183365129269,0.0004503571862679383,0.0018913965623068836,0.03182321969994959,0.00019897023446114337,0.01027882703041113,2.645900401654819e-05,0.0017646681201614822,0.9336430229457667,0.019806697383007412
1699,5,5,0.00010440536233133131,5.072586978780701e-07,2.0902517879146092e-09,1.070103822746327e-05,1.245171652709893e-05,0.9997599866803957,3.117353377229465e-05,2.7813973815135793e-06,2.1757081774821867e-06,7.581521423764675e-05
617,0,0,0.9801068933053448,1.6605858146258492e-07,0.0002233512082063613,0.00019331011342128116,2.9546994567049534e-05,0.0005139196119416782,3.0326146532310548e-05,0.0007957540688085679,0.015562189331398552,0.0025445431611979953
59,3,3,4.020639801354641e-07,9.828085766925688e-05,0.0010186171807710115,0.995802104313686,1.2415358800296028e-07,9.30261407072844e-06,7.84511078950206e-08,8.393146087527132e-06,0.0002916632409885349,0.002771033978050987
1158,1,1,1.6042968457949397e-07,0.9994233812808038,2.419763985399394e-07,1.721424409770105e-06,0.0002616252336548355,1.814801811436127e-06,9.681849388899416e-07,1.9770143834727626e-06,0.00011854524287328166,0.00018956441104140334
1249,9,9,0.00018343224001319227,1.4409271582477397e-07,8.598633609355952e-06,0.003484827840471283,1.619180358977573e-06,0.002010775595630245,1.2046501009284653e-07,5.4966652811765564e-05,0.0008001476375787491,0.9934553676618006
303,1,1,1.1024331951307639e-07,0.9946859909480222,0.00227435269124831,0.00012737281591840014,0.00010694275593815625,2.347068847658402e-08,0.0025450578353866313,1.3174500816885785e-05,0.00024687658111566946,9.815754575054221e-08
21,1,1,4.234234167642623e-08,0.9986339609907913,1.3791582889177746e-06,0.0003963436519304992,6.945364363672542e-05,5.854152340191007e-07,2.4907036828891556e-06,3.3989586158353e-06,0.0007575097558179932,0.00013483537966017874
1656,5,5,0.0015451617694239143,7.988815997267086e-06,7.562033274958954e-06,2.197102603227441e-05,0.004924679737206413,0.991475179295345,0.00043358197137127605,5.005270193321676e-05,0.0011958900826949176,0.00033793256672058186
236,7,7,5.140029134112177e-07,5.5466735503735345e-06,3.962408107158092e-05,5.296663951184572e-07,4.006018299416168e-05,4.2811989312172634e-07,2.5240673757708124e-08,0.9999109779003209,1.6818553251847415e-06,6.122768624938577e-07
169,9,9,0.0003265466279604166,1.223092921242226e-05,3.7359323997761806e-05,0.0016910050278109618,8.948603691106361e-06,0.0004570602124969925,0.00011260286563843885,4.998209619736029e-05,0.00012900644081551712,0.9971752578721791
54,2,2,0.0001234784818504285,0.019432558625427566,0.7877987458007374,0.00023946762059589785,0.0061249531270702855,1.5279257915896997e-07,0.002071971254976296,0.17165053322570217,0.012557815520563414,3.235504974523426e-07
544,8,8,1.236723034701282e-06,8.121319189343351e-05,7.713925659312585e-05,0.00055830972320919,1.082795277409681e-07,1.2189914159974387e-06,0.0006653852811252059,7.195006111892706e-07,0.9977171236578928,0.0008975453946966585
691,3,3,0.00012745833661923232,1.0113329325351933e-06,0.0001271737934953312,0.9968397102327196,1.933032339015907e-06,0.0015596296116380701,1.273558393065307e-06,0.0001860128335973104,0.0005210090657691164,0.0006347882024968936
1212,0,0,0.9944269859140803,3.01400790136041e-08,2.6771365218053576e-06,2.382194624294644e-06,0.00034768528643544256,0.004484405098963131,2.0096165119370188e-05,0.00039033570704933337,6.327728507121977e-05,0.00026212507205593304
445,3,3,6.483016747590138e-05,1.1190836264140636e-05,0.033813511125921424,0.8713010691180418,5.0844668285440187e-05,0.00021715183331485224,3.6912591444114185e-05,0.00016708183151603983,0.06790570121212736,0.026431706615608924
465,0,0,0.9957283086143519,1.1983595032218593e-06,0.0004910720887211041,3.55948479493953e-06,6.4637614504939434e-06,3.827527813652817e-05,0.0035851061402394436,1.4973184400780404e-05,1.708064674159859e-05,0.00011396244166014981
966,4,4,0.00011584575939955227,3.96122397140958e-05,3.6122181027886016e-09,5.897394685291139e-06,0.9919410290706276,3.6010936917375258e-06,0.006857422800325517,0.00033693913202087955,0.0006387191285863733,6.092976873083748e-05
1244,4,4,3.772658767466886e-05,3.219676102337095e-05,3.170394206697983e-09,1.7437409753909345e-10,0.9997577259252901,3.937125212647555e-07,0.00014118267119602926,2.8837262876577343e-05,1.933650848047233e-06,8.38015361561437e-11
501,2,2,8.986697851007183e-08,1.430490930789194e-05,0.9997232870298097,0.00024592031593339376,2.5493482727972184e-07,6.424252686399088e-06,8.65881189608797e-06,1.0785582320094904e-07,8.27895852981059e-07,1.2412688442325467e-07
1621,1,1,1.322467403044763e-06,0.9923130452637201,0.0012333091176645122,3.101818785715727e-05,0.004650309921264933,4.115437450972376e-06,0.0002906169190784432,0.0004516270982861971,0.001010728673594776,1.3906913680164503e-05
1319,5,5,3.0937495364891537e-07,2.133421167422853e-09,3.855188034278978e-09,7.520817209553836e-05,2.1333668465786564e-10,0.9999191009067607,9.38135430478879e-08,1.575435140074871e-09,4.692198516405485e-06,5.877567497216186e-07
1593,2,2,0.012596021820229394,1.0141601004453026e-05,0.9867615166315352,0.000547428962773032,6.62857379111187e-08,8.663211383234868e-08,3.980243468565891e-06,6.829658216422953e-05,9.331619241883715e-06,3.1296217315719436e-06
1493,0,0,0.9996497196478646,3.805451424390683e-09,0.00020780685398922403,2.028360305901195e-07,4.620684502036523e-05,4.027571650023296e-06,7.776911088825665e-06,1.7020703816801013e-05,2.4633326414939345e-06,6.47714924465483e-05
139,9,9,0.00011912934460647955,5.972932948192559e-05,4.882281141279446e-06,0.0004233832341187552,1.6191525262834234e-06,2.849962223328737e-05,1.973052123033264e-05,6.914090473060608e-06,0.0009170765845176582,0.9984190358396708
1545,0,0,0.9998083974796569,7.301259564703778e-08,4.870984431897627e-07,4.353405615473568e-08,1.0632596091383e-05,2.2244576831694287e-05,9.189981639941702e-05,3.918296016394875e-06,1.1537489415349659e-05,5.0766100494154964e-05
1284,8,8,0.0002016223741574069,0.2861068549899706,0.005144303817557193,0.010989682562679839,0.00015311567300123514,0.006133757975336514,6.716128936221215e-05,0.027601388633159047,0.6373710363313558,0.026231076353420178
273,7,7,2.1098237028324355e-06,8.208916482656862e-06,2.501841049655403e-05,1.1846515220607368e-05,0.00043228002947303756,2.4109537895874908e-05,8.110234019432302e-07,0.9994866828794465,4.647444560605922e-06,4.285419319356589e-06
907,2,2,5.97832299101744e-09,1.914729525827927e-05,0.999930746127512,1.517518510257708e-05,1.6752528604305962e-09,1.40756760894378e-06,3.885697428501869e-07,4.382713134384281e-07,3.249344430212894e-05,1.9588558377404084e-07
1736,9,9,0.001182727155887372,6.043204865879541e-07,8.817693370630225e-05,0.0006215035969281748,8.435431587022348e-07,0.0004959728999654433,3.3939473829553693e-06,2.472774982055056e-05,0.002522836448724148,0.9950592134039397
45,3,3,9.761817056390763e-07,1.376753287900997e-05,0.0004321063730036445,0.999539723290778,1.2237330134116267e-09,9.800638040247864e-07,8.530164885865736e-08,2.213856956100992e-06,2.731189791902555e-07,9.873056512562201e-06
121,4,4,8.877056982477913e-06,0.0036453314966338212,4.366044462029201e-08,3.764347701362988e-10,0.9953106659294041,1.8326309053606146e-05,1.315915713092567e-05,0.00019983801379415056,2.4616850400915735e-05,0.0007791411497207147
979,2,2,1.2414030318273556e-09,0.0024491841257669004,0.9975454091083712,4.08328778932593e-06,5.7395461730939535e-09,1.1994211451035448e-08,3.758083793467666e-09,9.999141221989445e-08,2.8943924089797612e-08,1.1718094917722033e-06
1663,0,0,0.9993429032863961,1.6995350270282073e-07,6.515322062733359e-06,2.9818743536208635e-06,2.9085964984105227e-05,0.0002709581834495126,5.539641779870362e-05,8.781313416595537e-05,8.828102851922488e-05,0.00011589483476723773
606,1,1,8.302356852940946e-05,0.7431843957776578,0.012521853590052872,5.4251929613274284e-05,8.17711735790337e-05,5.311996399302428e-05,0.23750633243998603,6.940594619002496e-08,0.005899379125824474,0.000615803024817741
554,8,8,0.00013789687366523863,0.0023026780588289173,0.0015029332326577207,0.011370002840613206,0.0005815165310115182,3.1008913922958076e-05,0.11524128388995085,0.00020995858086866854,0.868180452836323,0.0004422682421579528
527,1,1,2.869739501744067e-06,0.8970263869349357,0.09984024858216968,2.829620532787016e-05,2.700397958650984e-05,3.7569208986909245e-05,0.002639900364173166,5.953541008223619e-09,0.00011485174403508771,0.0002828672877421106
352,8,8,2.7837953229735645e-06,3.072503709678426e-05,6.942869017718554e-07,0.00015143751282183915,3.0392267714220967e-06,0.0005663101554506636,1.509507142236684e-05,1.804036828804853e-07,0.996897009078451,0.002332725432078239
1288,1,1,0.03156421564338219,0.4817274949663886,0.00026374921890615766,0.044778570225124804,0.045976400837838986,0.02755924084415726,9.469601017672368e-05,0.014907735757434275,0.12150548141640942,0.2316224150801816
492,6,8,0.1208176800685133,0.011282271016627342,0.00017615245746075269,4.878430675925294e-05,0.007859415579903939,0.002424119313970784,0.12090320659751123,0.0008071249563693166,0.7356703173434989,1.0928359385251531e-05
1666,8,7,0.0026124917048864675,0.023370239987952315,0.0005781562825166404,0.0025543212330533093,0.0062001571442031195,0.00034069606444464117,0.0022609878957073437,0.5454135538752306,0.41545285147844024,0.0012165443335655159
390,4,4,1.3891962540149151e-05,0.019135638365243086,1.099302408420608e-05,1.5081288646562134e-05,0.97801135927149,1.5292745502365693e-07,0.002164104530515458,0.00019885811084148245,0.00044991085303416965,9.666149845909767e-09
287,9,9,0.0002165537678047425,2.9065176728015655e-05,6.146070783485757e-05,0.001478456609902106,3.4263666491402076e-06,3.803487521005492e-06,5.7065728891109806e-05,4.977608401301155e-05,0.0010800571773646349,0.9970203348932913
1216,3,3,2.06157119065039e-05,1.8290432658908085e-09,0.0005527463250526936,0.9986320423716458,3.777087493781188e-10,0.00013808248565739395,3.6151788920279434e-09,0.0001832512218365358,9.415760292618617e-08,0.00047316190436712003
1098,5,5,2.524022614663702e-05,0.0005621714371597038,3.3103923080640317e-09,0.0009096090677271981,4.3618715257110214e-05,0.997265677321466,0.00011399443000403449,3.404819978963709e-06,0.0005150940533152066,0.0005611866185528709
308,7,7,2.0634505091954314e-06,2.628204764406129e-05,3.622317841290756e-05,0.0034397480833602023,6.743559606712187e-05,2.518020120978477e-06,8.863048955091948e-09,0.9944428107831162,4.57408960510007e-05,0.0019371690816693612
379,8,8,7.480747202047478e-07,6.9464762793398605e-06,6.123064284859595e-06,0.0008237675719932245,2.2942005431117392e-07,0.00011180036062990611,0.00011943431161520118,1.3199175930493962e-07,0.99666711368326,0.002263705045403698
1300,3,3,1.8544704910093913e-06,1.132575811759538e-08,2.2003247748154768e-05,0.9963000544981926,5.24694787234219e-09,9.890469568262972e-05,1.6752397481290732e-08,9.612264043348989e-05,1.8401229920006062e-06,0.0034791869993566252
1755,6,6,0.0001993470622127846,3.999618993283465e-05,6.759940247365527e-06,3.713896042938955e-07,5.074217693240503e-05,8.183464273674694e-06,0.9837840039467463,5.404171925694368e-08,0.015910531183925873,1.060440512769437e-08
1201,7,7,7.248876058908222e-07,2.088086109570351e-05,4.0128309218411855e-05,1.578489739390181e-05,2.1175189553863745e-05,0.00024736464562280275,5.213892417236081e-08,0.999328598743341,0.00010469282335617368,0.0002205975038881691
15,5,5,3.118258712255126e-08,1.235167010421427e-07,4.1730732060053327e-07,1.813392832246994e-05,7.390468859806601e-08,0.9999782806437816,6.889240675372264e-09,2.2542839892172906e-06,1.4266408980085667e-07,5.356792788725603e-07
83,3,3,1.1730520320240215e-05,9.691434905581157e-05,0.013731317406471943,0.9803884517810628,5.292275302677332e-07,3.25087039963455e-05,1.036554301911668e-08,0.005461935142842093,1.4647587608315444e-05,0.00026195491556939423
1441,6,6,0.0005226731914442167,2.9811024891609574e-08,5.454421413730747e-07,1.1781140361025211e-06,0.0004685642762632187,0.0003183668998271331,0.9985078061342121,2.1166302787362213e-07,0.00018060808882297953,1.6379200391531062e-08
693,1,1,1.2514538738445294e-06,0.9846620896140617,0.0001181292344171081,6.119091073913302e-06,2.1332707100087228e-05,9.443204990524574e-07,5.181585804987627e-06,0.001728932176304215,0.013281987626713712,0.00017403219015164916
1748,7,7,2.746976304524154e-06,1.9530175325379826e-05,1.0337843888643728e-06,3.694858775930408e-07,0.0551509176365203,3.929205984945405e-06,0.0001277329586773706,0.9446935061615526,1.9427705209713304e-07,3.933831624033665e-08
1791,4,4,2.4498893717357998e-05,1.7681890303230015e-06,2.1410435272722943e-09,1.847619763233351e-11,0.9994561131160067,3.625584323413262e-08,0.0005045592402569259,1.0118481592274256e-05,2.9036444932617336e-06,1.9540349448196692e-11
1780,2,2,8.979416158913616e-09,1.283611489676977e-07,0.9995833701487296,0.0004125562411945837,7.658396646574876e-09,3.166094457498541e-06,7.830246482233108e-08,4.908437251538022e-07,1.931927650622918e-07,1.7770181712781613e-10
597,7,7,2.316615159998693e-06,0.00041915198875456985,0.0003479756591791631,1.7457291302665314e-05,0.0002331733332181526,1.2181638532661757e-05,1.3054280432322342e-07,0.9986513397337856,5.5072829705391886e-05,0.0002612003675574908
526,0,0,0.9965182167441342,2.653752127672922e-07,0.0003891771195568751,5.5920493327273516e-05,0.0002772647895376454,0.00012174052433480902,0.0018316186758965962,0.0001267277309412234,0.0005522214391827818,0.0001268471078758452
586,1,1,1.6718050125347692e-07,0.9995694809859512,6.362612431996745e-05,1.4990258804580926e-06,1.040500859203119e-06,3.586688789783576e-07,0.0003337478305989006,7.25258558354998e-10,2.4953241355833732e-05,5.125716395486157e-06
1014,2,2,5.421416766385085e-07,8.429017018093711e-05,0.997218795113585,0.002573002291935845,4.537833704777351e-06,7.609177833744997e-05,1.3061043666331431e-05,7.227504720017612e-06,3.052063782180821e-06,1.940005841074195e-05
618,5,5,0.0001851804788575018,1.0306529730652824e-07,2.4881988307216067e-07,3.793152096850114e-05,3.991163615680355e-05,0.9376970561779714,8.772985896282722e-05,7.135474906176208e-07,0.0005727888629877456,0.061378336031424265
171,4,4,5.669968884775345e-06,0.05083332436941163,1.4926114818345424e-07,1.8752681694917745e-05,0.9330156492892402,7.544611864371235e-06,0.015360103396965953,0.0001480545329149152,0.0006107369247445538,1.496313027661897e-08
1139,7,7,7.80060877028424e-06,0.00031568966311710443,1.7681536628645663e-05,9.353775892417198e-05,0.0005571222289943451,0.002508427733713287,2.686622785662904e-06,0.9960146606774727,0.00015260115014380422,0.00032979201945017793
6,6,6,0.00043237836716143344,0.000272836326500489,7.438253321811324e-05,2.59568139305311e-06,0.0002812067959867818,5.7125323039348715e-05,0.9764894308790352,9.320614091356502e-08,0.022389904288777046,4.659874781781263e-08
643,8,8,4.099531803886858e-07,0.028429320719196426,0.000272217628996867,0.001146776587830342,1.113935235062436e-05,1.8761615356594102e-07,0.0024987065755569626,5.962600535892702e-06,0.9675941268140277,4.115215217134746e-05
1500,1,1,0.0002005445396611102,0.6003543581781033,0.002696670135160633,0.3582844250137068,0.0007225483964081545,7.600830584502983e-05,6.743178148110503e-06,0.003965072648526084,0.014265692043094622,0.01942793756134606
1049,0,0,0.9767969374641607,5.809820290938184e-07,0.0027365062327325083,3.775779296602967e-05,0.0004488309242156577,0.00020184668012273227,0.019413251717426482,0.0001421896179173341,0.00013758345780512664,8.451513062440489e-05
413,7,7,6.541455287832629e-05,1.983747509084298e-05,2.9073962246293423e-06,9.37093388163747e-07,5.976336473626416e-05,0.0009937114222363802,6.440169006902528e-07,0.9971065681398104,7.90036737447127e-07,0.0017494265019968767
1053,4,4,0.001191997119257241,4.225201698025408e-05,8.265417799461015e-09,9.990568480677703e-08,0.9972359591445447,3.74999952661206e-05,0.0007377357645789288,0.000404316476830587,0.00023617963217485008,0.00011395167926492485
365,5,5,8.767046033788273e-07,7.371918330016585e-08,1.7100039726039108e-07,0.0010610785645483584,1.5597798309056267e-08,0.9988711324505114,2.3534402016376512e-08,9.466226669178921e-08,3.234688117735084e-06,6.329907817159221e-05
290,6,6,0.00012009071106485412,7.358372795757232e-07,0.00020417270773292277,2.562018174345409e-05,0.0003170672609537794,3.4472192160714036e-05,0.9882946820777943,1.3582961315892808e-06,0.011001787316859895,1.3418278714838806e-08
1602,3,3,1.4251353640201888e-05,0.05557422497511249,0.10387852876685172,0.5871157602485003,2.9058290067496978e-05,0.003635321067548091,3.198484927559245e-07,0.0028516616496940253,0.11012652032741982,0.13677435347267325
991,1,1,3.607336353503864e-08,0.9912700873626353,0.008655881610874104,1.2987357794319525e-05,1.8888003491523462e-06,3.3953545564746434e-06,3.389677964286346e-05,1.033103031825927e-09,3.827006329562035e-06,1.7998621351539003e-05
584,4,4,3.190899942381709e-06,3.0420779813967096e-05,1.3997224925448675e-08,1.2404008860724848e-10,0.9996403547753495,7.771888346252572e-06,6.849840918115958e-05,0.0002491978446822206,2.854645548578466e-07,2.658168646191475e-07
756,4,4,4.82373336583928e-06,1.1466358565501707e-09,1.0540706605746709e-06,5.607554648590801e-09,0.9999815178605745,8.292856751354783e-09,2.0723805542526024e-06,8.746497917511144e-06,1.7702023435213767e-06,2.0753629346869285e-10
1773,6,6,0.00010180741116752525,3.2431122098377054e-08,3.4475165887077697e-07,2.4475869333642094e-06,3.0481381559870696e-05,2.3952831582145504e-05,0.9988962715797923,7.666007738285712e-09,0.0009446017958299561,5.256434607888639e-08
1454,9,9,0.0043169936751035155,4.155239561480428e-05,0.06040563340743393,0.024414490962244323,5.052669015427778e-07,0.01858807373947607,4.988973167478413e-06,0.00018045263494242348,0.0036248912210509773,0.8884224177240649
1089,3,3,6.872631637594029e-07,1.3348858903605e-07,0.0024797672294738556,0.9972639579171141,4.3506724328760203e-11,5.567996930267157e-05,1.302839766567802e-08,3.7410838081051703e-06,2.82496210271937e-07,0.0001957374804340093
882,6,6,0.002586568866534631,1.3190354512300473e-07,2.695254652747481e-06,1.0699077743684044e-06,0.002934624192355526,0.0004009286917147364,0.9907964769250428,2.473592874763521e-06,0.0032750289361755413,1.7293295939615877e-09
1639,3,3,3.9405370644911456e-07,0.0001277215198013734,0.0007603157694667092,0.9983218876155433,4.346410143592208e-09,4.677033296762335e-06,6.713739494004744e-08,2.5578145332331793e-06,0.00012945861181070458,0.0006529160980361954
1112,1,1,1.0277551773666298e-07,0.9987731186426789,0.0006495716735122757,0.00021033435082644497,4.159285522574185e-05,3.300071412062592e-06,2.2611837383304107e-05,1.2958004837438132e-05,0.00027945281375217135,6.956974853818057e-06
1372,1,1,4.4303168076207906e-07,0.8368171681857738,0.05503778175852385,0.10679190733537529,0.00017511803508978276,5.867844950724178e-06,0.00019687579897613796,0.00010206511176713371,0.0008637160945058303,9.056803356777373e-06
965,3,3,0.0008333555860489451,0.0001230348625821713,0.05891689862548834,0.9136652507379839,1.34750142606196e-06,8.369015296671087e-05,0.003882872751597631,0.00018957075531466304,0.0016774994224429086,0.02062647960414897
1093,6,6,0.000115842799688297,4.448996522868676e-05,3.608567629023331e-05,3.734150647270816e-05,0.0007824766998637547,1.6225936469608268e-05,0.9981677417311122,3.14155330020827e-05,0.0007680091652026196,3.7098666994780896e-07
1227,1,1,2.8241816639424533e-05,0.9596727356669951,0.001401887263264689,1.2488842651102762e-05,0.0007039218367772476,0.00020635726130403736,0.0010842284001916053,0.0005097348622975085,0.03620351625055576,0.00017688779932339028
620,6,6,0.00038418966712264326,2.423859593438427e-06,1.7558790197280622e-05,7.1581280314773775e-06,2.5450236189225257e-06,0.00012921198633025953,0.9869448542280194,3.803362719173606e-08,0.012511917316113726,1.0296734581096513e-07
1528,2,2,5.545660728683889e-11,9.240699210060146e-09,0.9997350517663617,0.00026490711569380614,5.0523181227082745e-12,2.244650515646029e-08,7.182245199892273e-10,6.439862652019254e-09,1.9934051037111795e-09,2.1873900071847525e-10
1383,8,8,3.450140605625197e-05,0.01680990199342892,0.005652998390978036,0.033349667832604436,4.307735689266838e-05,0.0003523707463988416,1.798651140126602e-05,0.0017088362381432523,0.9364849020807852,0.005545757443311297
1169,2,2,8.440432527200383e-10,1.1575785198427277e-05,0.999963334267816,2.290030717637537e-05,5.385998358788745e-10,1.3807360148986772e-08,6.853753192677695e-09,7.966195864067334e-07,3.9885242116705914e-07,9.72124045350221e-07
1188,9,9,0.000145062657324866,3.1007089433408905e-08,2.3715640593309456e-06,0.0004273383369564254,2.0656600921572195e-06,0.0010048909150978857,2.777681860782981e-07,3.838329245039771e-05,0.00025142170206917747,0.9981281570966742
263,7,7,6.827883710344615e-10,4.120978575651953e-08,1.5518957697739267e-07,1.0990815619466494e-06,2.5827102667303693e-08,4.785485585691908e-08,8.608981771842201e-11,0.9999595471392116,2.546741175748496e-09,3.908038228580156e-05
1427,2,2,3.469230266203034e-06,3.123309028273913e-05,0.9953151683799905,0.0008330402864973356,4.412848118279496e-07,0.001688449690253525,0.00041407898093305843,7.863290654931814e-08,0.0017135705367361327,4.698873220203763e-07
922,7,7,0.0008398798776857598,0.006596655588861086,0.05062304538299205,0.22868595298782401,0.00402036479409433,0.03525610011770814,0.00012502541390822016,0.5790299108945062,0.09468204770361545,0.0001410172388048138
1378,3,3,4.283159985979175e-08,1.2636557038610572e-09,6.755478261473669e-05,0.9997671120225129,2.0125060472143064e-09,2.0413970254014436e-05,1.8245018265125591e-07,2.4555104658602115e-05,9.780447748053314e-07,0.00011915751724063803
697,2,2,5.309387380160993e-06,3.0279450697818747e-06,0.9468975341611603,0.052160721726929586,3.329011599607346e-07,2.4765075715559027e-05,1.1878735024766895e-06,3.5141958646514765e-05,0.0008699807858453741,1.9981845902620152e-06
524,8,3,0.00017393261192819376,0.1422322670228445,0.0037656897771817777,0.7345427254181799,0.0010878143952453919,4.121306623834179e-05,0.004314059322349093,0.014712718599891657,0.09797618842889967,0.0011533913572413185
1103,8,8,4.692518392751961e-06,3.9246866114265245e-05,0.0026554063305017903,0.0003586368772364834,0.0001282606991629838,0.00037178739508811874,7.011698923020398e-05,0.0004238255189491163,0.9951828274186402,0.0007651993866841299
684,8,8,7.504590765949351e-06,9.851775023676742e-06,7.80318019697756e-05,0.00019743356643293767,2.785679238186528e-07,0.00017993744520460107,3.314812569568538e-05,2.670538553335291e-06,0.9994333223124472,5.782127598292546e-05
1009,7,7,1.626616164456484e-06,6.04547549392106e-07,4.552675522952249e-06,2.812878430612501e-05,5.138983749551753e-06,5.0918263418641943e-05,1.5150235990259212e-07,0.999882530271646,3.3283657641261957e-06,2.3019989519004656e-05
253,8,8,5.306752661096442e-05,0.11280331356875037,0.006610403641672017,0.023808384892432515,2.9239328158008804e-06,2.2160934491865434e-06,0.00363677157202904,0.0008516191782788796,0.8498895062018169,0.0023417933921443088
964,3,3,0.0005376109998340865,7.762828611713142e-05,0.003141520883876209,0.9863742808423714,1.7633560752846918e-07,2.541098143564205e-06,0.0006804241393885306,0.00018153173449863598,0.0014006968758181091,0.007603588804344858
797,1,1,1.6362026596790432e-07,0.9961838634043816,0.0010824937395992466,0.0009207680474942445,0.00010330592078960108,5.192829526839923e-07,4.331637218991578e-06,0.0006779430656822109,0.0010122323240067718,1.437895760858097e-05
447,7,7,0.0001113531324378063,5.776356982020991e-06,1.4338795813918907e-06,2.7713721445535555e-06,0.00019096756049013356,0.00035325539703076327,4.932812147228417e-07,0.9961305076318384,8.772555369226132e-08,0.003203353662726694
1340,8,8,2.3647019477742894e-05,0.002555390213638067,0.00023857749119258546,6.91966961004388e-05,2.8227863361614357e-05,0.0004219528563033129,4.156412507063295e-06,6.713854582493373e-05,0.9886867245743021,0.007904988327292113
190,3,3,5.042940001105787e-06,1.9703883863920216e-05,0.0016378082492395204,0.9968542152603965,2.914770837108355e-07,0.0007935618313117005,5.0566380371255275e-08,0.0006656521774057783,5.595064004643122e-07,2.3114107916906035e-05
1218,7,7,1.9860640061587868e-05,0.00757323479256687,0.00019871401334529845,1.681060863775579e-05,0.0030525359269274227,0.0003042503977482061,1.995982031803155e-06,0.9580889731098452,0.004188420470640711,0.026555204058195208
265,9,9,9.153432417661182e-05,0.00048625643556144137,2.1511156336244048e-05,0.0011478398318061653,0.0023012056082733047,0.0006861498539888596,2.629760905776253e-07,0.002640226767748778,0.04234672625959527,0.9502782867864227
698,7,7,7.076980449692579e-06,3.098442337118603e-05,1.4162714127199377e-06,3.155726561432132e-05,0.00043627700060732533,4.09872981400685e-06,5.323836017154462e-08,0.9992451053428006,2.6873807896803583e-05,0.00021655693967302008
742,8,8,0.00010150974647628428,0.00016254696411304064,0.0035906414340146266,0.0008372164082283652,0.0001595138106701966,0.00020986296607946423,4.724254086153061e-05,0.0006346811241537483,0.9885226280730718,0.005734156932330955
877,0,0,0.999008174905309,3.856957257465496e-08,7.446515777392668e-05,3.7530680979660655e-06,0.00010815183111972562,0.00024292323016875271,5.640001383879884e-05,4.69486306933697e-05,0.0003668573483062256,9.228724511990475e-05
1264,1,4,0.023286022869717145,0.003023510196736881,0.0017496717566764862,1.2815736314684062e-07,0.881492429265302,0.00827287638117248,0.009282768161330635,3.438327809748585e-05,0.0702080525215289,0.0026501574120745986
851,2,2,1.4453359917853128e-06,2.159114989720082e-05,0.9989606801359409,5.959795888261473e-05,3.077193815800741e-08,0.00047916234648390634,9.870762514085749e-06,2.810113751707729e-07,0.00046566668120300893,1.6738457730708824e-06
993,9,9,0.00026779142989898373,3.008374221886525e-06,6.977088667925224e-05,0.0022208464438424527,1.9622174309562138e-05,0.00012842062112518063,0.00159824600749536,1.4184272351281652e-05,0.06650503143178467,0.9291730783582914
1703,0,0,0.9992593269608526,3.5088519532335454e-07,1.8162299378243004e-06,5.198921757294619e-08,0.00037834724579079176,1.905886275310312e-05,0.00030631616454896094,6.091705219325469e-06,2.5502261037091652e-05,3.1376954475793063e-06
10,0,0,0.9972267271181575,3.399784457375434e-06,7.890069208914037e-06,2.309469482008848e-07,0.0002715339323736321,0.00012481173793423413,0.0006275235403781637,0.00038539525237126524,0.001321799224824758,3.0688393345933755e-05
654,8,8,9.648906529730459e-07,1.2117334176975876e-07,1.0184607529549582e-05,5.8298494807405535e-05,3.47434914201491e-07,4.099080814681475e-06,1.8262997686154322e-05,3.329016301387115e-06,0.9995128908487007,0.0003915014552510392
633,5,5,0.0009926539412774462,1.1023418503779086e-05,5.391108715219016e-08,2.9445142831068894e-06,0.0017220853204405837,0.9541477068193951,1.9434724029653577e-06,0.011222713022202865,6.342976907097419e-07,0.03189824128271648
641,9,9,0.00012301290969903437,1.7670239860488012e-09,1.7922387240786627e-06,6.081928151598441e-05,1.6627622440596468e-06,0.00014969530834838882,1.558760110299855e-07,6.017446145710093e-06,0.007070849739130535,0.9925859926711571
1399,7,7,2.78013138194853e-05,2.309224344449353e-05,0.00010755287811335895,0.00022334075301894653,0.0002113268607455465,5.667267787954894e-05,9.127870081076381e-08,0.9976833893296867,0.0005175553976819911,0.0011491772669090321
1387,4,4,0.0010859182465318541,4.78637970501243e-05,1.3094027149215572e-08,2.5186290764739947e-10,0.9976757663080904,3.5587957986307635e-05,0.0010922232851659686,5.7060630040112766e-05,5.56463225752904e-06,1.7969877077946574e-09
1673,6,6,6.813734987814055e-05,1.3234230300083528e-06,5.913834154966201e-06,5.018949855853577e-08,6.914079494488962e-05,2.016260300883e-06,0.9983622042489179,1.1123389954769322e-09,0.0014912114480898303,1.3388458534610437e-09
1421,6,6,0.0003845792294111751,7.171318764988269e-08,1.9343103320568532e-07,3.5445467363942903e-06,0.00023092217836225104,0.00036618065704255537,0.9986549374959844,1.3127092973210767e-07,0.0003580803166806459,1.3591606319105916e-06
202,0,0,0.9997977169971592,8.490505597293262e-08,4.9167494141628954e-05,8.056861650298288e-08,1.647308996621591e-05,2.244708708781747e-05,9.485913247177177e-05,1.7966762397774463e-05,8.736817928204873e-07,3.3028131037274336e-07
1446,9,9,0.00024208281168962054,2.0855509269920507e-07,0.00046312387125858775,0.016393814481423716,4.480866340817209e-07,0.004575232524820652,4.362525998086433e-07,2.8662516090316832e-05,0.00014518375064095346,0.9781508071497494
591,2,2,1.3541729764156862e-08,0.0008154868413659733,0.9991301162613236,4.3709355258566256e-05,8.306774030785782e-09,1.0324404130663526e-07,5.585635932672821e-10,7.236872808959407e-08,7.4305111486337e-08,1.0415217103616053e-05
695,0,0,0.9980549975353037,9.767608074370295e-08,0.0009288497912535146,0.00014949852311090404,4.758136572624986e-06,4.786226624504666e-05,1.2881085908109859e-05,0.0007836989828463387,6.094878176756879e-06,1.1261124502286391e-05
995,7,7,2.8162991656645663e-05,0.00043381636782518265,0.00015270737858666045,0.00021724048329454466,0.00013004718283527147,0.0001671395535857532,1.1489385740431018e-06,0.998715233500308,0.00015150764921762288,2.9959541163884122e-06
677,9,9,0.0023408012179078055,0.04203610142119772,4.3158793437800125e-07,0.0010300688924986345,0.1438052615382862,0.04718116025578749,0.01747513627036555,0.12116903118138118,0.2607791675142393,0.3641828401204017
1252,6,6,2.4760883516168917e-05,4.443780281614503e-06,2.1997758908922405e-06,5.576485911156592e-07,0.0002018706311464336,1.5365142974316898e-05,0.9993021711367955,9.881045541551632e-07,0.00044665643435054384,9.864618993529584e-07
1592,0,0,0.9877541214371354,3.032040821539607e-05,7.362371870069097e-05,0.00011972812233578574,0.0008831450268179011,0.0003753729220227222,0.0006311105433962873,0.0012948674929429615,0.006961497413960006,0.0018762129144729337
1047,8,8,3.1423311492151233e-06,0.0006947845721257804,0.0005653043499532716,0.0013562265732565168,3.0298165034327052e-05,7.964826205814995e-05,1.7632826743964444e-06,0.00033302641271352486,0.9720622769049339,0.02487352914610087
780,4,4,0.0006775178244141256,2.932600959746517e-07,3.116561634770057e-06,1.9358773989877174e-08,0.9396186449252134,4.236166565985602e-06,0.05962867946373809,6.874091614495837e-07,6.68050011226741e-05,2.9279525411853975e-11
464,0,0,0.9997951946848694,1.21728664671366e-09,2.008656320625523e-05,1.0109056633176683e-06,4.9352994542659074e-05,7.0787409061335166e-06,1.3395799376941825e-05,7.056464609263908e-05,1.3194050560428155e-05,3.0120397495541463e-05
419,5,5,3.184195918276355e-05,4.618208814555354e-06,9.201969112576172e-06,0.027186661890077915,4.585402091674529e-08,0.9716280054780496,4.473609933587539e-05,2.4057192506936936e-05,0.0009563325258672978,0.00011449882303141966
1790,8,1,2.5913362023476102e-05,0.5311833530132054,0.04929505312330298,0.017624980813307958,0.005188353465706985,3.487829200996406e-05,0.0017487509660756185,0.003965743893838527,0.39056493553346616,0.0003680375370629548
1246,3,3,3.3426821189687703e-07,6.182997318408249e-07,0.00027715383236440243,0.9995647694480508,1.5925671032291736e-09,1.4658972462508397e-05,4.468091091491176e-09,8.691273437394933e-06,1.0296695674754586e-05,0.0001234711494081055
444,6,6,0.0003666152171675364,7.796174335895502e-07,0.0014226396672979216,0.015404800770224094,2.4477815415739955e-05,4.141500276007548e-05,0.9820194454240079,9.638811003380199e-05,0.0006234329776756875,5.397983656817068e-09
530,4,4,2.691681287979971e-05,8.406838036129414e-06,6.098746195921528e-08,1.8102097180022402e-11,0.9986019610594672,3.479950419395426e-06,3.001768197599066e-05,0.0013194161356194446,2.376602026194148e-06,7.363914011856169e-06
1333,5,5,6.804387914248686e-06,1.9170716093736662e-08,1.4745734337157405e-07,0.0005868343400123393,9.925072083131338e-09,0.9993088411394865,5.458075663535872e-06,1.3004269099210982e-07,5.9947824323158114e-05,3.180763677760295e-05
1648,1,1,2.4188029429309833e-07,0.9899094978631916,0.0025692565895196187,0.003969330383463175,0.002828137684526197,1.9073117134048165e-06,3.022773569302356e-05,0.0006556086054057988,3.1658355216650074e-05,4.1335909759285545e-06
1203,5,5,0.0001957298608435133,8.821449974701255e-07,1.9683772307303966e-08,0.0024524291194579152,1.169279663001265e-05,0.9939711802601029,0.003159133884686854,5.763078637990306e-06,0.00018614097899444647,1.702819187662517e-05
315,3,3,6.173178979606535e-09,8.389888864927754e-09,0.00024249214440193404,0.9997329491999005,9.605720750084247e-11,1.2590939137467549e-05,6.028717232735254e-08,3.540978977142618e-07,1.0142739012758516e-06,1.052439846372054e-05
599,3,3,1.7631684895975133e-05,0.0010882779425232904,0.20398302761945988,0.779815033605262,1.3044421648827773e-06,4.851303597866311e-05,3.2896566602603673e-06,6.332701640896366e-05,0.0004024594183870582,0.014577135578259104
1524,5,5,0.00015956953283622737,7.0657814744020684e-06,3.840867687588119e-06,0.0031330051814869465,4.168531515446506e-06,0.9370200694136273,0.00032917862578064444,2.554139847676167e-06,0.00017449535286214157,0.05916605257288164
743,4,4,2.270644030337767e-05,8.521330446626167e-07,1.2742778872377472e-09,3.3788706674910154e-10,0.9990618968253222,7.404966361768374e-07,4.858726828994553e-05,0.0008637763433652808,1.4224323686560501e-06,1.6448504823075416e-08
1426,1,1,7.395710596998021e-05,0.9925349225867969,6.995470762401983e-05,0.0012303830549073528,0.0005265860861225418,1.0056260203015804e-05,3.8709436004903985e-06,0.00012379485064152818,0.0025398598724075895,0.0028866145317266367
781,5,5,4.110458292878885e-08,1.4876515302324197e-05,3.9101247328095156e-05,0.00010118850203734284,1.365805399974811e-07,0.9996534528287475,5.398734311493747e-08,0.00017931126840188248,1.408797056280955e-06,1.0429168660279713e-05
1694,7,7,1.0543983277914616e-06,0.00015739272049211252,4.5645073792129245e-06,2.2165599480672668e-06,3.0435384643112838e-05,6.383260521487857e-06,5.287580004678018e-09,0.9992835807250771,1.7949188992585345e-05,0.0004964179670387617
581,6,6,0.007382117354991772,2.3287478764736536e-07,2.5443684537121018e-05,0.0005849207543652129,3.496741297137249e-05,0.021773011380154982,0.9550436189252574,2.708441883051389e-06,0.015152001387235166,9.77783816292e-07
357,0,0,0.9960252547921141,6.589261959827676e-05,4.13385877299163e-05,1.1638234470435961e-07,0.00047145812908451625,9.178141453788721e-06,0.00048341237168878035,1.9412156343609364e-05,0.00030912544148978016,0.0025748113781524505
1616,9,9,7.835283395699012e-05,0.00010621836700168602,8.647977610819012e-05,0.0012633829220162292,2.590521146548465e-05,3.1779761332094264e-06,7.301244626594008e-05,5.092140562818064e-06,0.00025302755539830196,0.9981053507710912
1507,9,9,0.00586469715210072,4.049364239955065e-06,0.0004263536422644681,0.0009005650637997602,8.89841291592905e-06,7.9464193882121e-05,1.4333743988944122e-06,9.870919739882318e-05,0.0033894153697123243,0.989226414229287
748,5,5,7.143328746542851e-05,1.1595869207509313e-07,4.3131644158372114e-06,0.19334904980100295,3.257568540378677e-07,0.8055529909770103,6.969694068019782e-05,1.0296945563671757e-06,0.0004522972769508786,0.0004987471423720842
845,9,9,0.003730916816254948,0.00010373303603166194,0.0008286007637305515,0.013062269559974865,3.099693031459774e-06,2.035262786045148e-05,3.8151492574623316e-05,0.00022255121000602763,0.004535868431819375,0.9774544563687161
1317,0,0,0.9997688809073835,2.0305122924921934e-09,7.82439364509276e-06,1.4801089903951935e-07,3.142005280129492e-05,5.079702323644807e-05,3.723727219027225e-05,7.067319358944977e-06,2.6521373015046856e-06,9.39708526718136e-05
1052,3,3,1.7053808423132412e-07,1.834732375834413e-08,1.870932560272815e-05,0.9592608570654746,1.1055121788680511e-09,6.181245942298889e-06,1.6980196669374265e-08,6.73527162614517e-07,0.002468497305178064,0.0382448745595228
502,2,2,1.7646570074899537e-06,2.747950891057213e-05,0.9933454088873143,6.5902697318812495e-06,0.0006471445489468473,3.445547217883807e-07,2.912796291524931e-07,3.43300334130479e-05,0.005935964885562238,6.813747626192699e-07
75,2,2,1.7410189760744863e-06,0.04328080916505009,0.9549333078416173,7.958151963404018e-06,0.000497442728192136,7.417053492256729e-11,1.16498159362766e-05,0.0012035423036481274,6.354788206759563e-05,1.018378211823136e-09
24,4,4,0.0002974056413751663,0.006996430695871901,2.91719605929566e-07,6.456510357946576e-07,0.9779758433811795,1.2168137655166707e-05,0.004879552028371229,0.0007461966433907606,0.009089349821626902,2.116279887746925e-06
671,5,5,0.00032953605275118695,9.094499421553429e-08,8.403491016873997e-05,0.000685123605920433,5.6707213695683206e-08,0.9988194679785805,7.806486698334024e-07,5.155289811069504e-06,7.102367633493157e-05,4.730185555364324e-06
1438,3,3,1.1803107850078272e-06,8.505330103886675e-07,0.0005111920079879096,0.9979239955686166,9.025437804456393e-07,0.0006954686032031893,1.92449825382722e-06,1.559459721048579e-05,4.662390645614178e-05,0.0008022674306963419
760,8,8,0.00027795494858618585,0.0008324704660843155,0.0005407145463026655,0.00014495326439168123,0.0011537312668823514,4.512028747832362e-05,0.00044771737165237975,0.000394034937217191,0.9952232866658043,0.0009400162456004337
1777,4,4,2.0069796700699757e-05,4.7074622168881854e-05,9.745325475089924e-09,1.4828275405661054e-08,0.9994445455058399,2.05284453348823e-09,0.00011602001982979346,0.000352095129034088,2.0165926990347853e-05,2.3729908968422223e-09
683,9,1,9.473371054422966e-07,0.5665046070013865,1.1061201606068158e-08,8.908271876745406e-05,7.019329163498965e-05,0.0005018856858113364,7.452787576803845e-07,0.0001985312110871502,0.005329963091956059,0.42730403332229183
612,8,8,1.072064265449586e-06,0.012563675054512747,0.0008871118813754675,0.004262352190384874,3.416369215945594e-06,2.8772031691345374e-07,0.010372191308078864,6.331513094394477e-06,0.9718348273829717,6.873451578351748e-05
1692,5,5,0.0032656601532530757,1.6528764861836902e-06,3.8449865930375606e-08,8.164903697535967e-05,0.012334696280879387,0.9785370205148998,0.0023281035615620154,0.0014932194818297179,7.423785365625865e-05,0.0018837217905922526
1376,3,3,4.7031826676080455e-08,2.1168319360396643e-07,4.624380774527405e-05,0.9989916156050002,5.046006556297018e-09,2.466899777223161e-05,2.0405282786151e-09,3.7983289210076325e-06,0.0001332468742534553,0.000800160584752855
363,1,8,0.0015947412126769555,0.28519549006574346,0.0010505058963930366,7.14796583538298e-06,0.0032487776318358085,0.1818732348221456,0.08870208682364601,0.0024574502298897486,0.4358060879560623,6.447739577156091e-05
368,7,7,2.191509376747338e-06,2.6040761326605104e-06,3.2273576765687166e-05,0.00013358356663858626,3.83269752998246e-05,1.6923738003426919e-06,1.267341054626881e-07,0.9997803586717382,8.681941089250599e-06,1.60575053277134e-07
734,6,6,0.00021255959675861818,0.0010039643743724384,1.46595889249918e-05,2.521148452376617e-06,0.0011487724605608325,4.212497044535713e-06,0.9918475874897567,2.5760932900154175e-07,0.00576541198665619,5.324814458153514e-08
94,7,7,1.6330733538826645e-06,5.383138856294952e-06,8.078502799627993e-05,0.0001467992573308923,0.0016133661082076596,2.178166352382548e-05,2.6895796871460097e-07,0.9981236262760949,4.954556352543419e-06,1.4019403152222088e-06
1292,5,5,2.3385447854199834e-06,7.058209339923065e-10,2.2260291815774254e-10,6.802318083013581e-05,5.276070334169707e-10,0.9998922837763801,1.0808115596801986e-06,1.351362919317494e-08,1.0527128971283546e-07,3.615344549486658e-05
1085,6,6,0.00046810475892807485,1.3250276425826668e-05,0.0033638903492261246,0.0019246761678187612,4.13802840981377e-06,3.432718571949303e-05,0.9915658302338263,7.471258305898695e-06,0.002618310562732341,1.1786073768766541e-09
306,2,2,3.906235058502222e-07,1.0427373892658762e-06,0.9983808792149145,0.00012066792158037721,2.8938985304621036e-09,4.7925533897678474e-05,7.001256816652804e-07,8.149980680476283e-08,0.0014364500401822307,1.185940914307473e-05
1127,4,4,0.00040101331709827443,5.226618466079604e-07,5.475537095359528e-09,2.4611216598924816e-10,0.9994700462377604,1.933230119397569e-06,8.078567535579266e-05,3.949295485596605e-05,6.134068507855928e-06,6.613280644601879e-08
125,9,9,0.00010819824271013093,0.00010590472651612689,0.00018202908033270157,0.0037941104667883387,0.00011917257510350371,0.0046150272268909555,3.0910461059275896e-06,0.00022215523481443255,0.007495565778717576,0.9833547456220204
857,7,7,1.8801552427489498e-06,3.254710274618705e-05,0.00016217161432216564,0.17172518944986395,0.0007684404914877586,2.543499302033847e-05,7.267029633010175e-07,0.8271608724097917,1.5898937269631047e-05,0.00010683814329215385
509,8,8,2.606069619030686e-05,4.9835764476278627e-05,8.157476496269467e-05,0.0001541496236921612,3.404424936556844e-06,8.140986216214595e-06,5.7523675565297384e-06,0.0002987041287526298,0.9978461067994177,0.0015262704437991395
140,0,0,0.9985914863147487,4.090866224130224e-07,5.123644680710732e-06,5.513985751387955e-08,4.824919379882347e-05,0.0011235082073493376,2.8177894385501205e-05,0.0001697683450038316,1.0090908396982938e-05,2.3131265156346572e-05
275,9,9,2.0654474519021877e-05,0.00011577023970604687,0.00010438537468788343,3.6449584436412205e-05,0.002405539276067934,0.0002110794934146035,3.225380913800636e-07,0.05183422764263615,0.1998812827206202,0.7453902886558205
203,9,9,0.00045885036383771306,0.0008756819476089981,1.0989175911629565e-05,0.00012633455332310343,0.00015229321797238828,0.00057825008456727,1.5810032799704525e-07,3.453957692841136e-05,0.0007226051880198788,0.9970402977915026
518,2,2,6.623074846729211e-05,0.27597732335712144,0.7133076206938478,0.00013951843764769157,0.0006494657961560123,2.29674846339872e-05,5.0817356625939085e-05,7.995430083966666e-05,0.00038684901364179666,0.00931925281101834
1202,3,3,2.835992789410913e-07,0.002492083589322254,0.002458919139955141,0.9544849468086315,6.140975801889756e-07,0.019201960689483717,1.6391200149121764e-08,0.014689015001245306,0.00041505820802313945,0.006257102475279732
1660,4,8,5.141468489279064e-06,0.00021012214557209795,2.290135792741484e-05,3.4434682985351155e-07,0.062238389269102995,0.0009809588554941743,6.294275748547194e-06,0.0009191595832286669,0.8721984733769471,0.06341821532065998
360,6,6,0.0005938608136386738,8.743445104017555e-08,3.4392712554516234e-06,1.6518965865931517e-06,0.000336591597256076,2.311538377470791e-05,0.9984106075581646,2.4153633386492145e-07,0.0006304009856888664,3.5228500428085378e-09
688,1,1,1.6373901628413687e-07,0.9966867247956389,5.382242319428004e-06,5.845000289203966e-06,6.236909810757103e-07,8.580195119536962e-07,4.7640936429476194e-07,0.0013822590417308205,0.0018733819873519234,4.42850737958771e-05
1008,1,1,6.000243723137543e-07,0.993241334300147,0.004074526544446914,8.474673864339565e-06,8.433062916039522e-05,0.00044483271934168446,0.0014181974517356113,1.1155701904087816e-09,0.00017020375700699508,0.0005574987843547121
1257,4,4,0.0004994073975395756,8.49424455172451e-07,2.147760398665e-09,1.4162326506299076e-12,0.9993421128120564,5.2051915961446695e-08,0.00014395054537337778,1.3584472672432737e-05,4.1119416860010246e-08,2.7393592474311568e-11
1200,7,7,3.248689956096858e-06,0.00014707165838587116,6.210589031441012e-05,4.369910779437404e-06,5.657907523867191e-05,1.2437883363958609e-05,2.1787857680019646e-07,0.9992153968972393,0.00026642439423626817,0.000232147721909235
362,6,6,0.011944501747624892,1.0318533848238792e-06,0.0007995015245062222,7.340960627928374e-05,0.0005750530017321053,5.084856382420931e-05,0.9863410213455688,2.0328209955420182e-05,0.00019430135925443287,2.7878695675343427e-09
1535,5,5,3.5285616383489983e-06,2.2623826609448867e-08,3.105332640800972e-08,0.0005690090811438278,2.565817020936016e-08,0.9993532247301479,2.2084299271012281e-07,6.879388412024709e-07,1.240105696238677e-06,7.200940421663047e-05
570,2,2,4.890416147878991e-08,3.615611151518967e-06,0.9999669681817539,2.263561883115901e-05,3.3000338096067016e-08,5.897899326343472e-07,1.7040819215681285e-08,1.2496953856021375e-06,8.429514616170642e-07,3.999206164909202e-06
1459,7,7,0.0031269093367030923,0.0018447608440691052,7.877767870283185e-05,0.00034407590850785255,0.28447383684272914,0.004862414801124072,3.5441695441045186e-05,0.7024392524356624,0.0015867099071555934,0.001207820549904843
345,3,3,1.2451564690567811e-08,1.6871298741119876e-08,6.704033562810511e-06,0.9996383358423212,4.4113482199459965e-11,3.810680663497456e-06,9.277800633206572e-10,2.1148882818902444e-06,2.0213466767878836e-05,0.00032879079364576995
1713,5,5,1.3865389623262033e-05,3.4248362323506985e-07,2.944957322581143e-09,2.861135659759354e-05,1.843744469421757e-05,0.999688874710469,2.5841899669495778e-05,2.4753210746984817e-05,3.9131978619516264e-07,0.00019887923983266263
869,1,1,7.925272552862303e-07,0.9964888365460036,0.0010856811089773593,0.00011537310072821953,6.754622417427191e-05,1.1084212952686205e-05,7.483483188347153e-05,8.29432166831093e-05,0.0020614754516950925,1.1432779646738003e-05
1094,6,6,3.50398683567918e-05,4.4518913299426595e-06,2.648547765295558e-05,4.652206137554362e-06,8.083666301569944e-05,3.355840336032465e-06,0.9989543199285953,3.300284540350911e-07,0.0008905113247800907,1.6771341462581763e-08
807,9,9,0.00015809586165293105,8.055913200444172e-07,1.8194630042292723e-05,6.757418517507974e-05,5.253306378345413e-06,0.00013920234551391335,7.484810725508565e-07,1.8610035196226529e-06,0.026784987630101908,0.9728232769652233
1657,7,7,2.481536700667939e-07,2.2302528586612158e-08,0.00015420354849670801,3.781012675693256e-05,3.9278851607220055e-06,4.110690278517792e-05,2.2357546879124632e-08,0.9997439855823158,1.867063090980824e-05,2.509829655371732e-09
580,4,4,9.797840483232021e-06,5.572974277955325e-07,1.7425198936366475e-09,4.370950589870302e-13,0.9999467404488298,2.3300390575531546e-08,6.326514751837755e-06,3.6462514942158485e-05,8.715716990301193e-08,3.1830474032008962e-09
1342,0,0,0.9994000835231575,1.7960050010541771e-09,2.647284538760463e-06,6.680629691554912e-08,0.00032599708525233456,4.434747885028259e-05,4.63319709667183e-06,6.471345862379492e-05,3.2198999945046496e-05,0.0001253103702336919
1682,5,5,2.3809580567645528e-05,6.906423145399829e-07,2.9851953812330638e-09,7.743661082403157e-05,5.330543136700357e-06,0.9995991662116065,3.109708451198342e-05,4.4383674838913815e-06,3.2564669630698055e-06,0.0002547715073963363
1501,7,7,0.0001061922900179095,3.218126340052111e-05,0.0008999987077260513,0.010732608620252727,0.0021681442965780454,0.00017480509676679788,3.1055986067369498e-06,0.9835911539410928,0.0022419423432727447,4.9867842285763484e-05
239,4,4,8.0040575058954e-08,0.0851906825690819,2.3226453907271298e-08,1.7773333052832945e-06,0.9139745001149825,4.930567355204965e-08,0.00025439617571788707,0.0005543189872034883,2.4169755749321012e-05,2.4912572235916823e-09
1547,2,2,2.147719814808686e-06,0.0012574701270757296,0.9985277095798224,6.727334332141653e-05,1.0107341215037255e-05,1.2530466230893047e-06,3.9621769739938034e-05,6.979707142360329e-05,1.9815465798660255e-05,4.8045351655891435e-06
187,2,2,8.60598153415883e-06,0.018354771585792483,0.9606605808343371,0.00017172962528345833,1.647400304724244e-05,0.00042886283497898386,0.001197247043000892,1.1094900742654465e-06,0.019032408405472195,0.000128210196479312
142,2,2,1.1097872638947267e-05,0.0002300108955103685,0.97541945067355,0.000945949064798469,1.6886657784433773e-06,0.00015347151127665726,2.6942678366732952e-05,0.0011329966070647464,0.021876308899797837,0.00020208313121784137
1720,8,8,9.594986539904464e-07,1.8889982833077108e-05,2.1111904570834454e-05,0.0004072811005735854,8.251649828683842e-05,0.00010359244290048531,1.9963275304337838e-06,7.743404325947403e-06,0.9737621045668963,0.02559380427342857
855,0,0,0.9986904966710602,1.4895186416544762e-08,6.088548074796304e-05,6.39662434742851e-06,0.0002984566350419374,0.00037033105358642474,2.3409727380306444e-05,0.00034092226847981657,0.00011397372903361963,9.511291513584444e-05
1704,9,9,0.0007466516727709191,2.3984329902260376e-05,0.0002837164770250687,0.00038178123670701053,1.1182960371046408e-06,0.00010206676248938845,1.5671931953592965e-08,6.68935678942113e-05,0.00011898641864394423,0.9982747855665981
130,0,0,0.998733725108367,4.58737612149742e-08,1.0828390807031314e-05,1.452534764782804e-06,0.00017430628099400226,0.0005087638748968639,0.00033439838245443343,2.2003055713228108e-05,3.074075361629295e-05,0.0001837357446253167
484,3,3,9.501061798083424e-06,1.1109929309589505e-05,0.0051736326943055055,0.9808464538626027,7.493783395457663e-07,0.007296032883449036,7.433100618320577e-05,0.00013883613073802962,0.00020898031425144582,0.006240372739022847
1732,6,6,0.007854184505764935,4.7033673279642726e-05,0.00019813438320124093,3.3493383557584385e-07,0.0013318209607660187,0.00025354729597751834,0.9816052346257906,9.207327837655553e-08,0.008709609706264063,7.841842130422622e-09
517,1,1,9.012917738274009e-09,0.9879070733659362,0.011906047375886835,0.00012689085186747177,1.4773444493381509e-07,2.3607759965079556e-07,3.7165868233924495e-05,4.850879094394721e-10,5.793458228941761e-06,1.663576979649841e-05
844,4,4,2.643132050180475e-05,9.053516403162499e-07,2.9807010192111487e-09,4.3809740567651956e-09,0.992560395079518,9.624170299977614e-06,0.007395309250625099,4.901431396013504e-06,2.426017077112601e-06,1.726656651996968e-11
701,0,0,0.8851605773523141,0.00502465122918643,0.00011799379674451942,1.5962960836091922e-07,0.10685648757561998,9.656135658388594e-06,0.0006674727785433863,0.001660528695445156,0.0004970562318000173,5.416575079674031e-06
1102,2,2,9.217930902806944e-07,4.5359191476141685e-06,0.9707171389418401,0.0292636825384535,1.5962161968680268e-07,4.515053845980827e-06,7.285538042227443e-07,6.3813402269172116e-06,5.783721294132694e-07,1.3578658423256642e-06
289,5,5,0.0007956730858007222,1.9778913981344264e-07,1.1453430832393555e-05,0.0476131860748747,9.568372990435125e-06,0.9335832442801905,0.00040570148833425195,1.5874183470117892e-06,0.011430377714014641,0.006149010345475719
915,0,0,0.9961829468600929,6.377223522346314e-08,8.76847686436607e-05,1.4789580290586794e-05,1.3834785820469043e-05,0.00022064283618078426,0.0012028137728246427,2.1652276940049146e-05,0.0020240413223821287,0.00023153002458922207
585,9,9,0.0020412759111605307,2.7846066795502163e-06,6.843970506540867e-06,0.0012824593665402763,1.270833958667692e-05,0.00046472038566257236,6.70570290068984e-06,9.482657178625126e-05,0.007476968724233944,0.988610706420943
1159,2,2,1.257485586805599e-07,3.940620836754124e-06,0.9997894804069591,0.0001746488396551729,2.998749760219686e-10,1.859238395521318e-05,6.385094228735402e-07,1.9647719854138825e-07,1.1443106423238993e-05,9.336071155993327e-07
1634,1,1,1.4314101930087837e-07,0.9976122475181655,0.0007371464498126569,4.461743419957231e-05,0.0010942274512209956,2.409528796543528e-07,2.5374709201554272e-05,0.00013593735057245443,0.00033424271182088354,1.5822281107370263e-05
1345,6,6,0.00038233194268155496,0.00010291835905574749,5.071965976997191e-06,5.438178394421226e-06,7.179069891541078e-06,7.177694627988702e-05,0.9980360500284801,2.1832401477644327e-07,0.0013883611883570139,6.539968682400817e-07
373,5,5,1.8843164391155977e-05,4.0767890282674677e-07,4.960754161188013e-06,0.09813651769592371,1.4566870753908616e-06,0.8950058709050613,6.509321512796191e-05,4.3480551140946217e-07,0.0005681926711704595,0.006198222422674291
148,8,8,6.355236132564257e-06,2.021548346068492e-05,4.2890185100641274e-05,9.57541257007587e-06,1.7738394127321351e-06,2.272614553573133e-06,0.0003739893351019334,4.766299770109191e-07,0.9995165696351827,2.5881628508156976e-05
1391,6,6,0.0002069641937241373,0.00010322612600273519,6.495107479395596e-07,1.083397668247593e-06,0.0021455457212380858,0.00017001359590192633,0.9970900366509501,1.687678585283243e-06,0.0002743686104338398,6.424514747550337e-06
1312,5,5,5.958422155997638e-05,3.338808854111881e-07,8.792876980425205e-08,0.001389493983372535,3.647683198237233e-07,0.9983390984639067,1.8933497258557765e-05,2.712214641371279e-07,9.254703105202774e-05,9.928500341086402e-05
41,4,4,0.0008235739242578596,0.0001596798086332433,3.2571187833524596e-08,4.93121385677682e-10,0.9983377442728342,5.958044828090075e-06,0.00037555955437849474,0.0001283633483703466,0.0001686080119937726,4.799703946119534e-07
334,0,0,0.9992610975653674,3.1095175113553006e-08,4.353953087911173e-05,6.056750417657021e-06,2.2877373478812975e-05,6.13197843208002e-05,0.0002383379258255963,4.715878889682702e-05,0.0002473237609278822,7.225742471093993e-05
218,1,1,3.553760844608493e-06,0.9852608233195471,5.180496281060697e-08,0.00030120123409724654,0.0069252375857464165,6.741998557498005e-07,3.83970830055184e-05,0.0017266022660202263,0.00256386941452346,0.0031795893313968713
216,7,7,1.6224847612451286e-06,0.003913341036791464,3.147727883274572e-05,3.200221902355572e-06,0.025428009212031092,2.8815150735950927e-05,8.940518869291058e-05,0.9705019695319453,1.1461891444064574e-06,1.0137051625077493e-06
240,7,7,1.389668955496925e-06,0.0014817360309956563,8.234157296830667e-05,1.4954884378603411e-05,0.016687193979585565,2.902265705820809e-06,1.6740459184125682e-05,0.981710795692529,9.013890645008595e-07,1.0440566331326864e-06
1529,8,8,0.0018034981655536513,0.000375291581965367,0.0005177449830563547,0.22044061771466872,0.0013179898550335929,0.14835011887301178,0.0025106440273760084,0.00601729928189826,0.5949220462253818,0.0237447492920545
230,5,5,0.0002659831382880605,1.1119388874528183e-06,0.0018483233298187756,2.8112686128280373e-05,3.632578395155608e-06,0.9967240493635913,1.513235669672859e-06,0.0009947459654059464,0.00012835938445585515,4.168379359670142e-06
1442,7,7,8.271674040197458e-06,5.661094986934947e-06,5.658238627766774e-06,9.20106656268167e-05,0.00015218348491093204,0.0025473567884950208,2.615342769146883e-07,0.9971499617185179,4.294417829974477e-06,3.434038268750093e-05
1554,9,9,1.9136836609811566e-05,0.0011784058636362688,3.9263403288240006e-10,1.6547924513489334e-06,0.001431854030500044,0.001243676937580374,1.7835532061971906e-06,0.0002514670455975049,0.00042577424704964704,0.9954462463007347
380,4,4,0.000295618192814252,0.00016052584081147363,1.0511492517752436e-08,7.068541626587582e-10,0.9991263143792704,3.587056662439951e-05,0.0002645189112389044,0.00010953885641373737,7.472479628836591e-06,1.2955485144967723e-07
1114,4,4,0.00041494187467411184,5.6340692989471585e-05,7.557888485687739e-09,7.789642555209247e-08,0.9968500855907187,5.754939877407911e-05,0.00016061176122867247,0.00023388869752691846,0.0003107143182177441,0.0019157822115564661
33,5,5,8.130798864398032e-07,6.044830965753687e-06,1.0673018490850868e-06,0.0002937221938871613,6.32378575684765e-07,0.9996329600920957,8.022327177112802e-09,4.9555606553797995e-05,6.000618666861078e-06,9.195875192539133e-06
429,7,7,0.0015289316566759398,7.05392118624918e-05,3.997130923001519e-06,1.5053980192854146e-05,0.000643187696164713,0.0037324558234804466,1.0530499843505196e-06,0.992902414041036,5.556465584109733e-06,0.001096810944096153
1079,7,7,2.707776848279642e-07,7.371971104349746e-06,5.73000280295488e-05,0.0014770193950562802,3.0301882833703067e-05,0.00017915642081672297,1.1320324383854085e-06,0.9981811816554693,6.31910183937195e-05,3.0748181730522187e-06
1768,0,0,0.9598713926076385,7.162736610933836e-05,0.0008974772966530732,8.120197457101573e-07,0.0002043547796374268,0.0003518990467214263,0.03768491263071239,1.0206956549112525e-05,0.0007721077488666863,0.00013520954736636113
1384,4,4,0.052483974384706505,0.0011281297411915546,3.6446279699184986e-05,3.926949616180354e-07,0.8340315677730816,6.421761376541475e-06,0.11194067139824751,0.0003637482325464737,8.64482646598421e-06,2.907723094120827e-09
1382,6,6,2.4836624245681108e-05,0.0013412844589803326,2.448403874440696e-05,0.0005741248309000876,0.00018108544062566485,2.4878287320771594e-05,0.996007235563665,3.3280727135919415e-05,0.0017672728980152074,2.1517130366831965e-05
925,0,0,0.9970181452331414,7.215011166997285e-08,0.00015150844252258941,2.550421516996979e-05,1.3406243831708959e-05,0.0011457950426003562,0.0004157112293902833,7.668299053701792e-05,0.0007430567936828741,0.00041011765901232793
1088,7,7,3.2807348316731525e-07,4.608942895484462e-05,0.0003614517276042111,0.0003386867350045712,7.543810362047122e-06,0.00014078659521647193,5.978856959883097e-07,0.9968820753980412,0.002205891672136831,1.6548673500635685e-05
824,0,0,0.9832302275683009,0.0001023980429683297,4.475474221897432e-05,1.3343792008911325e-07,0.003292807556695061,1.3146111874601141e-06,2.3701014072432478e-05,0.0009959836904301913,0.0003844536733323289,0.011924225662874101
887,4,4,3.406291373969532e-05,8.639279470488143e-05,1.725159201107915e-08,1.7057387803463966e-07,0.9655682594582979,2.8560586226543076e-05,0.03391101002380441,9.405057943672552e-06,0.00036212003155327373,1.3082596802647995e-09
891,2,2,0.00020199464110111237,5.53740972513613e-05,0.8234038803546496,0.0023685715778063846,1.5391008231235957e-05,2.6828621100464265e-06,1.3173513381139464e-06,0.17319204668248847,0.0007056667065459426,5.30747184775437e-05
722,8,8,1.9394097366489275e-05,5.156729155246692e-06,0.0006805919794044108,1.3046439931521219e-05,4.072735331255418e-06,3.938785241003131e-06,5.38504930638575e-05,5.075068244757141e-05,0.9990107623338632,0.00015843572419529673
563,1,1,2.5059195175572693e-06,0.9620525575241324,0.0028799620082258465,0.00023252865341353996,8.159904107951307e-06,1.8640735236819313e-06,0.03293174728813156,4.973074820313524e-08,0.0018792635675730512,1.1361330626055927e-05
1176,9,9,5.5727673016632015e-06,2.2978527780226917e-05,6.781186716721029e-06,6.305705728970643e-05,6.178496297850336e-07,3.1120869335717465e-07,1.5836872948366854e-06,6.694373742743379e-06,6.0957536592866434e-06,0.9998863075878918
489,3,3,0.00852690757586019,0.00013998452571090762,0.10002147190764042,0.8092103225648897,0.0010994656715892055,0.05672368870971801,0.0004603997659263502,0.005033067830251126,7.535673942081282e-05,0.018709334708993053
893,5,5,2.0253133985267097e-07,0.00019118216592977014,1.7331843863662196e-05,0.008522770271683007,3.222596335077004e-08,0.9908655770738198,5.7429584162465265e-08,0.00011753931044855379,2.595022752271182e-06,0.00028271212461553096
279,3,3,6.152211208293085e-07,1.3172740131193062e-06,9.077739968630924e-05,0.996216803096978,3.3154158103659374e-08,4.676267582878936e-05,3.1981212480835094e-07,2.833982277811065e-06,0.0001827435443743714,0.0034577938394382527
355,1,1,4.995339168959702e-07,0.991194527106935,0.003949677087761981,0.00024263136184658006,0.000614857841066368,5.932939705156578e-07,6.6264225947077166e-06,0.0038676780743528024,0.00010610817862673335,1.6801098928283958e-05
302,5,5,5.489784128265498e-06,0.00011304582334286624,5.618030073042139e-07,0.0002270696333240662,3.732539546126969e-07,0.9979747113864811,2.601819690451591e-06,1.947888484971221e-06,2.4413373082725964e-06,0.0016717572702779663
120,5,9,0.021785302249993473,0.004554026500046962,0.00041601929516774046,0.03422232532610638,0.036130741378774235,0.2517923221891741,0.0005338981785865923,0.024018837543476435,0.014717574150833378,0.6118289531878407
1661,4,4,0.00011567400564445322,4.3470957337674283e-07,3.0145891483636016e-09,1.5478056091771556e-11,0.9997388883201694,1.6457898009322637e-07,0.00011928286688770173,2.3933157451617438e-05,1.6174031969757952e-06,1.928029042100283e-09
1788,4,4,5.071318534554905e-05,3.54573445661541e-05,4.435299807019544e-09,3.5167653463257935e-11,0.9986733778043548,9.568731165755416e-09,0.0012345659225380954,4.688275765219992e-06,1.1834244243821735e-06,3.8073007467994195e-12
173,7,7,3.3509171414070206e-07,1.092140182547257e-05,1.0172355230557347e-06,0.0001951771852928811,3.5391633761281307e-06,3.673687251312426e-05,9.541273077938033e-09,0.9996681981607148,2.6761484806983713e-07,8.379773291920806e-05
223,6,6,9.092007508856088e-06,0.0003785064237664558,0.00019696846437761275,2.736232634671456e-05,5.663933865590615e-05,5.68329603809836e-07,0.9906543253602818,2.5070232795691923e-07,0.008676271921094365,1.5126036453677025e-08
485,1,1,2.983337182761221e-06,0.9572600834061695,7.405622632562731e-06,0.0020607857346478155,0.00017502580406628552,0.00015789924198371678,0.00011321677359330206,1.2045884048873616e-06,0.033849359809079646,0.00637203568223946
1519,6,6,6.581077785175182e-05,1.2230677057475968e-07,4.792870422022771e-08,1.2205044240481483e-06,2.9383633143048806e-05,8.966523630726414e-06,0.9998293251167812,4.15271826813384e-08,6.504774280612549e-05,3.393870557788585e-08
1796,8,8,8.644157890130331e-06,2.2509302563263973e-06,0.00014171310291288003,2.3127643495926016e-05,9.919435063601837e-05,8.261247139752037e-05,0.004111854277241767,6.893273256983338e-07,0.9929014995346576,0.0026284142041860703
1461,5,5,9.413712981189438e-05,6.753721376772286e-07,3.908878518776168e-06,0.0003277604413247314,6.239849213331451e-07,0.9941285890515874,8.15730504469266e-06,6.497288829270351e-07,8.177249039529755e-05,0.0053537256173751486
818,1,1,3.856566083937424e-05,0.6436847656341045,0.0002784223894190967,5.265660053755434e-07,0.0038660661086388852,1.4549273382911348e-05,0.0028593667584989432,1.2335261990163155e-05,0.3492193662263394,2.6036120781301118e-05
926,1,1,8.753012990394964e-05,0.754416739710742,0.0007018935675935748,2.623143514615851e-07,0.020323544241325705,0.04459501297694649,0.1699068560273147,5.7704055731693264e-09,0.007621792658247418,0.002346362603169031
25,5,5,0.0008244193781934321,2.1751032956596044e-06,1.4354090470578974e-05,0.00019148437142231428,0.0002874315133926525,0.9981706332361511,5.290369704283857e-05,9.816998187464568e-05,0.0003202250970161472,3.820353114057867e-05
1437,2,2,1.1858042362408105e-09,2.4947111300128636e-07,0.9998757371676705,0.00011965997687819188,1.337797628558007e-10,3.671118793585461e-06,1.7550751607360296e-07,6.052134734110176e-10,5.030972510237972e-07,1.7359801201766588e-09
1731,4,4,2.992751858726039e-06,1.1210293769572776e-07,3.4245489187480244e-10,2.8418213391921282e-11,0.999973349565442,6.565123113575658e-10,6.907833324951599e-06,1.5546279326053278e-05,1.0903786456270431e-06,6.107977514935506e-11
1539,4,4,2.260810796790885e-06,4.051750716888495e-05,7.599934218390797e-10,1.7112612928698625e-09,0.9995436838501763,1.3144070577650196e-06,0.00034077131230192056,7.13125049052085e-05,1.3580389244726198e-07,1.332445830666629e-09
989,6,6,3.856467162074477e-05,5.84595908070894e-06,0.00020118621891780156,1.9717437908067255e-05,0.0002108082558198576,2.2148352506234867e-06,0.9986181566213729,4.179436337346723e-06,0.0008993180984170025,8.465275030595025e-09
958,1,1,3.898140885496507e-07,0.9949877980061796,0.003811733995285009,3.2704497319289154e-05,6.6070922533861e-05,0.00012916816301230887,0.0006818835634321255,7.352278707715688e-10,5.7650103634086486e-05,0.00023260019928706985
1679,2,2,2.003040434108395e-05,7.758272571246628e-05,0.993956640065807,0.004687155264314857,6.513147316733222e-06,9.211262375374486e-06,0.0002464419468784729,6.924808978963907e-05,0.0009267082789851869,4.6881447910248783e-07
909,4,4,6.805902185063758e-05,1.2319764616627455e-07,6.893746030851132e-10,5.53264476328255e-11,0.9997652476909004,7.526077475667797e-10,0.00015886806026134856,3.920051426256195e-06,3.780302727494296e-06,1.7787899839774394e-10
1321,6,6,7.882690796310283e-06,6.066519032710004e-06,2.0883999165244896e-05,3.770471322822614e-06,1.633417049065242e-05,4.920461948326351e-06,0.9999312099208979,4.159204364584285e-07,6.509417351153805e-06,2.006428558385649e-06
1708,4,4,4.7201059404003436e-05,1.3483097561051656e-07,5.568833084292005e-09,9.49082432060936e-11,0.9982421153483344,2.3690110089774826e-08,2.012593307262448e-05,0.0016656277514098582,2.4761836696090998e-05,3.886255937314359e-09
1315,8,8,2.422458182090922e-05,0.00035526703745637945,2.3501290462387447e-05,1.8164447483083954e-05,6.443357082563348e-05,0.0006748652704233326,4.885176821791925e-06,0.0004598671909269336,0.9933730247474662,0.0050017666863132445
639,8,1,4.46396609180836e-06,0.5905102721538891,0.007760399772948727,0.02252752653459348,0.0002469459966473609,1.3788669761273263e-06,0.026794854947611284,0.0002959710683392356,0.35148625011139806,0.0003719365815048327
955,8,8,2.8468638398877477e-06,1.0030648322519058e-06,9.020950838002165e-05,0.002767581703636473,1.1062070351207374e-06,3.775026853167189e-05,6.549809500364096e-05,4.479433586232076e-06,0.9949445389328936,0.002084985922261062
44,7,7,5.763094922093775e-07,1.2789830691404966e-06,8.176063655575409e-07,3.062495268265546e-07,1.3979626242867048e-05,8.473971559357844e-06,1.2189905354596814e-08,0.9998960454147253,4.174480263562011e-06,7.433516884969411e-05
538,2,2,2.4356908496380254e-06,0.0022838369408063187,0.9955779405218664,0.0019022521563609803,3.6745538988202926e-07,7.946169991704877e-06,3.814506201929996e-07,3.172568781581227e-07,2.1226952234166054e-05,0.00020329540500258495
129,8,1,0.001971988962406722,0.8018735944351248,0.02797456144619162,0.00020338935981588054,0.0001617824623104891,0.0008406653423455027,0.00035961843907601006,0.003374711853810884,0.1624436601846649,0.0007960275142530055
1433,8,8,2.720596770304516e-05,0.00011394989177085233,0.00015680975814835724,0.014153290984161961,1.1648236565750619e-05,0.000788494971285455,8.013546006647066e-05,0.0001019602395826786,0.9079457029277445,0.07662080156297092
1700,5,5,6.214440050078136e-06,0.00011426839695221917,3.284515225216977e-09,1.3555359811968421e-05,3.0456033060551406e-06,0.9978826264663956,6.8934356349302635e-06,1.2250871155942104e-06,1.6974751375801378e-05,0.0019551931748426413
624,7,7,1.914439991377192e-06,6.833033695530137e-05,0.00020720114078481182,0.00014893242027981827,0.00019071568207911123,2.1226245491441777e-05,6.374743580154218e-08,0.9992167959131016,1.836363298271366e-05,0.00012645644089781657
996,6,6,0.00013489155684595703,1.4333484314079625e-06,5.042522852149597e-06,3.417502283910857e-06,0.0001609952211629554,0.00015961575808368572,0.9993835370528465,4.300225442270865e-06,0.00014674524147054646,2.1570580480348182e-08
561,3,3,1.8445999642970202e-07,2.9897512805310653e-07,0.00039817300189342475,0.9995513838910484,2.4187050505839944e-09,7.078140400123686e-07,2.0776161794187597e-06,3.6403671966870038e-06,2.1068311331880942e-05,2.2463144480806254e-05
217,3,3,3.5230631265163073e-06,4.423734492099079e-05,0.002366366567601377,0.9938643030208412,3.65699927760459e-07,1.6609924970427812e-06,2.2618545596559752e-08,0.003604282181694226,3.69654362957339e-06,0.00011154196721582884
1585,1,1,1.410725087459096e-07,0.9912025927831191,0.0034200675944061005,0.0016031316793503434,0.003416925051528562,1.024168578696709e-06,2.98522208859054e-05,0.00029811048075925064,2.6942875005505898e-05,1.2120738581855727e-06
1624,3,3,1.0819672394624275e-07,5.716475557806172e-06,0.0004603999797370322,0.9975533941694623,7.337591800264384e-10,3.506948550998545e-05,2.444725887972865e-10,1.6104102201892217e-05,8.966141640077812e-06,0.0019202404709349212
1347,3,3,3.4085111035168395e-05,8.006362388628326e-06,5.981192923869822e-05,0.9793943411005194,2.2356946817887307e-08,0.0013134119787679916,1.3746189817156217e-07,4.768155386316958e-05,1.4308377103350548e-05,0.019128193768238516
234,6,6,0.001154506797269569,2.3472321493712272e-07,2.0811643075318205e-06,8.08863745338173e-06,2.6975071197102493e-05,0.00044594770314871686,0.9982135234186565,1.3252797557562056e-07,0.00014758758255376735,9.223742230272383e-07
1619,8,8,3.887130512193442e-05,0.00894958477578962,0.00014449811203544254,0.009603635024434416,9.447797344298567e-05,1.2471352726362742e-05,0.0007225227600399011,0.0008109617072096,0.9769088622326695,0.0027141147565301854
550,6,6,0.0014533404506386744,3.4479408538297894e-06,9.779909538690958e-06,4.577378098899195e-05,3.652613652640242e-06,0.02189622725687001,0.851859034992268,1.6158161708656853e-07,0.1247270166302002,1.5648433719180255e-06
1072,7,7,1.263244250825278e-06,1.9271386306937745e-06,0.0009799533881415105,0.0037864758919212765,1.5527998608091213e-05,0.0005434641937544415,1.4569158115833694e-06,0.9939663750525279,0.0007015324071298351,2.0237692240904176e-06
510,4,4,2.407399738656236e-06,0.030472258142782926,2.1380759324615102e-05,2.6328889534561867e-05,0.9650809819216666,1.6831872279930014e-07,0.0029913763372254216,0.0001974421518285189,0.0012076436604852659,1.2418690633410302e-08
1022,4,4,2.28941841658901e-05,7.016149562952815e-05,1.9438292377899267e-09,1.8946783582755825e-07,0.6177568184886133,8.157786084316561e-05,0.0001339790648700167,0.005982912200245695,5.3036949152253306e-05,0.375898428344815
669,3,3,1.4365820354063934e-07,1.4510820169361606e-07,7.951452017424466e-05,0.9998453516039195,5.942971773369357e-09,5.357601318176503e-06,3.2918128719632705e-08,6.870539495136921e-07,5.2656691757246156e-05,1.6104901375624067e-05
1781,8,8,0.00043199705934119455,0.002267073716113547,0.009182439676950217,0.07562515658819463,0.0005744072113547713,0.14322391685829947,0.01653869307567321,8.559688480764969e-05,0.6913037896971598,0.06076692923210542
1412,9,9,0.11475874330956044,0.0003399367578681553,0.001241376692230972,0.004471809540701087,0.0009865889631766925,0.0016792971163276753,0.00034466340236713016,0.002013074389157912,0.26506052209834347,0.6091039877302664
1783,2,2,4.5214578818777945e-06,0.00011285058306556955,0.9819696929383311,0.014060638634445517,1.0633907022912642e-05,0.0001127599761568967,0.0034127797336543624,3.332370453795041e-06,0.00031258663705184244,2.037619358819238e-07
95,6,6,0.0011627189588662855,0.2841113159055118,0.010074035105872823,2.6889647151856317e-05,0.000507289705949993,0.0002895765599531497,0.5680405434286633,2.6257790054628153e-06,0.13578444187540029,5.630336249942489e-07
997,8,8,0.00011951548891057032,1.8427910216411674e-05,3.954949983732117e-05,0.0006676924456424795,9.631278277250647e-06,0.008067709237823597,0.0003188741974772185,2.2444499672391622e-05,0.988266079622184,0.002470075819958657
924,9,9,4.910906605951436e-06,6.112490090567817e-08,6.142245272275848e-07,2.1930211889757898e-05,2.713135207531786e-07,5.218530041580417e-06,5.620623650761587e-07,1.069153665585819e-06,0.00020691523463723594,0.9997584472378459
1670,3,3,4.595745719285369e-05,1.6630801041931352e-05,0.0001114879537105087,0.9846918942563067,9.614554818419954e-07,0.00725480300406147,5.499519255669491e-05,6.737573899533098e-05,0.003908065001630969,0.0038478291390217924
1065,0,0,0.9891971345035239,3.7501380037752717e-06,1.2622779520689748e-05,2.835715778074297e-07,0.0005393130832465106,0.00019225805958508345,0.009934058846659077,1.2826735570760969e-05,3.489969959866121e-05,7.285258271389081e-05
1514,1,1,0.026406181411902565,0.8240511621061167,9.534253605186895e-05,0.00022338657284397346,0.007253491672635217,8.860010744403269e-05,7.673132051310012e-05,0.004157091497831475,0.0062525106883238235,0.13139550208633732
1460,3,3,6.445135845367646e-08,1.1969641292525757e-09,2.8816368543830094e-05,0.9996981585698718,9.54841797015514e-10,3.6761374858977403e-06,1.259789014260473e-07,2.1662174336939357e-06,0.0002076922045394359,5.9297920059342215e-05
112,7,7,4.538963745588885e-06,4.237886282731973e-05,1.5550469065917285e-05,4.057383644148814e-06,0.0007263672999428405,1.6393170219986368e-05,1.725866799279591e-07,0.9991167834708484,5.126364621050531e-05,2.249414681527853e-05
516,0,0,0.9984712537833071,7.206171351895912e-08,0.00014795979808482373,5.429431268454225e-06,1.600862747133858e-05,8.615841175279467e-05,3.647948054345596e-05,0.0001270401160587211,0.0004204920870610953,0.0006891062027385268
161,9,9,0.001440722851889248,0.01811233447579688,0.00037065026864602896,0.03235489272959208,2.3116134465029538e-05,0.00016180664938292977,7.253923367640501e-05,0.00033570859478071827,0.0006407998844651366,0.9464874291773057
301,3,3,2.527154675874602e-07,9.522822459353443e-07,0.001018669064130108,0.9979976138247955,1.4047045632103361e-09,7.451625583762814e-06,2.0551088403231237e-07,2.9146051780427023e-06,1.1382437376709449e-05,0.0009605565296342495
403,7,7,6.664984758544529e-05,1.099589776692023e-05,4.277719831175817e-06,9.997984820824954e-07,0.00011327761219389145,5.2701517171009254e-05,1.3871209785369715e-07,0.998421212275109,1.7256028929123836e-06,0.001328021016869649
479,1,1,6.287081293463725e-08,0.9990753983981544,1.5294510970477738e-06,3.7207394738522e-05,2.2460401184612016e-06,9.663722565548573e-06,7.801889833167331e-07,3.6214089876886987e-07,0.000615958552869377,0.0002567912397615813
320,4,4,0.000233748524127432,4.503731442319765e-07,9.278114822114595e-10,2.280789191622372e-13,0.9996563355484046,2.5108577646515474e-07,0.00010586772195502522,3.187171840491454e-06,1.582932643842718e-07,3.534477836805618e-10
507,4,4,8.044898946071971e-05,0.0008982000684276918,9.794236922056113e-08,5.818749383641717e-07,0.9911615903945645,4.757582527741636e-06,0.000368207072706875,0.0015519346297854487,0.0059332683072921685,9.131379273105117e-07
840,4,4,3.623166119407194e-06,9.080173175352169e-07,1.5128094002161942e-10,6.773912475928237e-11,0.9999435500587157,8.972708858829613e-08,3.4919859660775666e-05,1.6887777544236024e-05,2.1065737212754838e-08,1.087964433082519e-10
1465,2,2,1.41214461456184e-09,6.625798668270079e-08,0.9905967844450387,0.009400723061824552,1.1595352021379238e-09,1.2751954495290328e-06,5.5438424531623596e-09,1.132087534896477e-06,9.838001416204641e-09,9.986420474941788e-10
660,4,4,2.5392102691894647e-08,4.958493249153779e-05,3.1313852937045785e-11,3.1519009355922227e-10,0.9999126281476146,6.0164123695719526e-09,8.696650626119486e-06,2.904811096039965e-05,1.0386429621019767e-08,1.6858701200524113e-11
1250,1,1,3.048884523655378e-06,0.9930406199002527,0.000384377701922351,7.760944168777147e-06,0.000613459771021647,2.2518117272011844e-05,0.0004737002277160597,0.0002395744506674255,0.005198844208260435,1.6095794194902464e-05
1328,4,4,0.06431545884520293,7.135260813966905e-05,2.2235128324140068e-06,7.197017828140686e-08,0.9096895476476785,1.7932352542835667e-05,0.025677180301748447,0.00022503620057893683,1.1958566908836926e-06,7.044071864561869e-10
176,5,5,2.522252777036739e-07,1.0516838498439964e-08,7.616457867312927e-07,0.0003073982566404388,3.4795180725264283e-09,0.9996884439543302,7.279857840612254e-09,1.1823441360474011e-06,1.8214261856492178e-06,1.1887142876020186e-07
1439,4,4,3.141549490820378e-07,1.9030062436496243e-07,5.922897099338906e-11,1.2729581529224935e-12,0.9999903340272644,3.3379002435419287e-09,7.218741088169022e-06,1.9380688503002596e-06,1.2951565968444024e-09,1.3664730953389772e-11
1739,0,0,0.9993653287392468,3.786661207809774e-08,2.596387910569413e-05,1.350611590828476e-07,0.00036478192546534493,5.2850931981031876e-05,7.961936510019013e-06,0.00017559531535613158,1.7060946772370529e-06,5.638249886620797e-06
1271,8,8,3.6025114054407305e-05,0.0002549706533426385,0.12775946728790147,0.004163768671404221,5.433533379640748e-06,0.008933520426588985,0.00026958920110841506,1.4685757840445155e-05,0.85848421295751,7.832639686989351e-05
321,6,6,0.001250251248109943,1.1375938421195301e-07,2.0387263236414244e-05,5.07840032017933e-06,0.00023969344535021956,9.95228818509129e-05,0.9977400013828458,2.0776206845936548e-06,0.0006428694117376881,4.586480062586412e-09
579,3,3,6.703980449117e-05,7.023609691591014e-05,0.000634910429446103,0.9805780296827503,5.222591832870991e-06,0.000585194861064497,0.0002880660267737067,3.587005458979873e-05,0.007145578495046907,0.010589851957088631
359,3,3,7.847459936543366e-07,3.517044703760703e-07,5.708693356681774e-05,0.9981487937601927,6.4075114701935144e-09,1.1007460879482212e-05,6.867874752204714e-07,5.340288859050346e-06,0.00022911596271253898,0.0015468259483387235
528,2,2,1.3521830606522828e-05,0.00688126897719438,0.9895181183565234,0.0030431945795463366,2.350202186856896e-06,0.00020853995859165196,5.968915174336984e-05,8.187758992905684e-07,0.00016224613771000925,0.00011025202999863913
1023,4,4,6.0232616566281506e-06,4.0238165396768167e-07,7.718910250947185e-10,4.266489343473835e-11,0.9999062320450451,7.633190141320474e-08,5.3393297697040855e-05,1.6803787065304527e-05,1.6889567094766613e-05,1.7851332967263144e-07
983,7,7,6.383241511102888e-07,5.254976804236755e-06,4.595014197419484e-06,0.0008119950927409906,1.2321892079648136e-05,3.450392525023869e-05,4.252892666681802e-08,0.9991156321927973,1.0231384401436779e-06,1.3992914612395933e-05
765,9,9,0.00010616175047375362,0.003557653747957559,2.124339889193621e-08,1.1354773142111227e-05,0.050125785048059104,0.009289735376468223,0.00012666549149997403,0.07473715725736087,0.0035296581495767114,0.8585158071620628
1273,2,2,4.287542673906337e-09,4.3187639005638033e-08,0.9978994869934855,0.0019706078461984213,1.034596028933533e-11,5.389625775094397e-07,8.116958780638474e-10,3.6726147090493783e-06,0.00012471598744685588,9.292983590253137e-07
1758,3,3,7.001067348900792e-08,3.3882419756681543e-07,1.7558830305327064e-05,0.9993291130981017,4.467307861201646e-08,1.0594354527327352e-06,1.0653855820756424e-06,4.673381579315331e-06,7.363975529059186e-05,0.0005724366057385432
568,7,7,3.3354114626768065e-05,0.0004089768615276926,0.00024615009134683254,5.585502189121941e-07,0.0005786759763484239,6.815252745903602e-06,1.6060674983821985e-07,0.9815456050664311,0.0022870950324208133,0.014892608447583633
541,5,5,4.5763514325230804e-05,3.008963758096936e-07,1.9210962329205757e-07,2.4097201417252654e-05,1.2684240028197784e-07,0.9931070225427833,9.949191563885213e-08,1.8970664353709023e-06,3.916569584953632e-06,0.006816583765139019
707,7,7,6.604351492961745e-07,2.4246019988828915e-06,3.7324940659604496e-07,1.1144185107749198e-05,0.00043639587245747504,8.816115552627208e-06,9.518619781240373e-09,0.9994783495802342,1.3680897233375822e-06,6.0458351750212903e-05
344,6,6,0.00012266550547146993,5.319737913214097e-08,4.995744934033837e-06,7.632437778882462e-07,0.0002823289740673457,1.142726904704371e-05,0.9994324329069961,1.1232717620031506e-07,0.00014521866235981672,2.1687908646721026e-09
1189,5,5,1.447667121314062e-05,7.623881703864461e-07,1.6557897924562315e-08,0.002630662372228094,4.701059053818183e-07,0.9950069519769094,1.623331029367654e-06,1.2416983803364081e-07,0.0003454210250558268,0.001999491401752246
39,9,9,0.0006947928764932787,5.663202313997606e-05,0.002904876658864121,0.0021924340068741658,4.6008881900033414e-07,0.0011249418107907648,1.3710670931955997e-06,2.042479053814458e-05,0.002730513267514086,0.9902735534098732
1630,3,3,3.150979449888931e-06,0.00026111995999061004,0.0017865670765238222,0.9976200578261417,1.6137443862129403e-08,2.47464593978401e-06,8.69669664015583e-08,4.2088930952711236e-05,1.0508957715623786e-05,0.00027392851887567566
